date,Seizures,Sleeping Pills,Chocolate,Mood Swings,Anxiety,Depression,Sad songs,Lonely,Heartbreak
2016-08-01,0,0,33,0.0,16,26,0,31,85
2016-08-02,0,0,77,0.0,64,39,0,31,0
2016-08-03,0,38,56,0.0,48,89,78,41,84
2016-08-04,0,0,29,0.0,16,64,0,41,0
2016-08-05,0,89,54,0.0,55,45,90,24,0
2016-08-06,0,0,72,0.0,41,0,100,13,0
2016-08-07,0,0,84,0.0,76,31,93,24,0
2016-08-08,47,0,60,0.0,49,39,0,21,0
2016-08-09,0,0,39,0.0,33,26,0,10,0
2016-08-10,49,0,59,0.0,34,41,0,11,0
2016-08-11,50,0,45,0.0,86,42,0,100,91
2016-08-12,55,0,35,0.0,57,92,0,37,0
2016-08-13,60,100,88,0.0,0,66,0,26,0
2016-08-14,0,0,88,0.0,38,15,93,24,100
2016-08-15,0,0,47,0.0,68,41,0,77,0
2016-08-16,100,42,58,0.0,35,14,0,33,0
2016-08-17,0,43,49,0.0,0,100,0,11,0
2016-08-18,52,0,63,0.0,36,44,0,0,0
2016-08-19,0,0,52,0.0,100,48,0,26,0
2016-08-20,0,0,80,0.0,22,35,0,14,0
2016-08-21,56,47,100,0.0,39,47,94,0,0
2016-08-22,49,0,50,0.0,0,55,0,22,0
2016-08-23,0,0,62,0.0,67,27,0,22,0
2016-08-24,47,0,60,0.0,16,91,0,10,0
2016-08-25,0,0,60,0.0,49,39,79,42,0
2016-08-26,0,45,72,0.0,37,30,0,47,0
2016-08-27,0,50,49,0.0,20,49,100,26,0
2016-08-28,0,0,59,0.0,56,90,0,36,99
2016-08-29,0,0,59,0.0,48,77,78,62,84
2016-08-30,0,0,96,100.0,67,67,0,32,0
2016-08-31,0,0,40,0.0,50,54,0,32,0
2016-09-01,0,0,93,0.0,13,38,0,54,0
2016-09-02,0,0,91,0.0,29,100,0,92,0
2016-09-03,0,100,83,0.0,32,63,0,0,0
2016-09-04,0,0,63,0.0,81,39,0,42,0
2016-09-05,75,0,58,0.0,37,97,30,26,0
2016-09-06,0,0,55,0.0,0,86,0,53,0
2016-09-07,0,0,55,0.0,25,36,30,26,84
2016-09-08,0,0,60,0.0,51,38,0,13,86
2016-09-09,0,0,58,0.0,30,15,0,47,0
2016-09-10,100,0,99,0.0,33,65,0,35,0
2016-09-11,0,0,57,0.0,59,86,0,0,99
2016-09-12,0,0,46,100.0,77,88,0,13,0
2016-09-13,75,0,65,0.0,100,61,0,26,0
2016-09-14,0,0,62,0.0,64,87,0,40,0
2016-09-15,0,0,81,0.0,50,12,0,39,0
2016-09-16,0,0,57,0.0,0,41,100,88,0
2016-09-17,90,0,100,0.0,59,58,36,16,100
2016-09-18,0,0,63,0.0,81,53,0,28,91
2016-09-19,0,0,51,0.0,37,61,0,39,0
2016-09-20,0,0,49,0.0,50,73,60,66,0
2016-09-21,0,0,46,0.0,25,49,30,13,85
2016-09-22,78,0,57,0.0,77,76,0,41,0
2016-09-23,87,0,79,0.0,58,28,35,46,0
2016-09-24,91,0,54,0.0,30,44,0,16,0
2016-09-25,82,0,92,0.0,14,66,0,100,0
2016-09-26,0,79,56,0.0,38,37,0,53,86
2016-09-27,0,0,67,0.0,52,51,0,55,0
2016-09-28,0,82,75,0.0,53,52,0,28,0
2016-09-29,84,0,65,0.0,28,41,33,29,94
2016-09-30,0,0,54,0.0,30,87,0,16,0
2016-10-01,0,0,63,0.0,75,58,0,37,0
2016-10-02,0,0,43,100.0,84,43,98,34,0
2016-10-03,79,0,58,0.0,39,30,0,48,0
2016-10-04,0,0,73,0.0,79,10,0,16,0
2016-10-05,0,0,77,0.0,65,61,0,32,0
2016-10-06,0,83,76,0.0,39,20,0,32,83
2016-10-07,90,0,74,0.0,58,46,0,36,0
2016-10-08,0,0,51,0.0,61,48,0,56,0
2016-10-09,0,0,52,0.0,94,73,0,33,0
2016-10-10,0,81,66,0.0,50,39,0,31,0
2016-10-11,77,0,46,0.0,38,39,88,31,0
2016-10-12,0,0,56,0.0,100,39,88,15,81
2016-10-13,0,0,83,0.0,65,40,0,0,0
2016-10-14,88,0,76,0.0,43,45,100,18,0
2016-10-15,0,0,95,0.0,15,60,0,38,0
2016-10-16,86,0,51,0.0,97,11,0,34,90
2016-10-17,75,0,34,0.0,25,29,0,30,0
2016-10-18,0,0,49,0.0,38,59,0,31,0
2016-10-19,0,0,49,0.0,38,20,88,62,0
2016-10-20,0,0,77,0.0,38,0,0,0,0
2016-10-21,0,0,60,0.0,15,48,0,19,0
2016-10-22,0,0,63,0.0,35,41,0,21,0
2016-10-23,100,0,100,0.0,16,63,0,100,0
2016-10-24,81,0,44,0.0,40,41,0,49,0
2016-10-25,0,0,42,0.0,70,100,0,43,0
2016-10-26,0,0,71,0.0,96,38,0,59,0
2016-10-27,0,0,64,0.0,38,90,0,31,0
2016-10-28,0,0,85,0.0,73,0,0,36,0
2016-10-29,0,100,65,0.0,62,48,0,38,100
2016-10-30,0,0,98,97.0,27,21,95,66,0
2016-10-31,78,0,53,0.0,38,10,89,31,0
2016-11-01,0,0,56,,26,100,0,34,100
2016-11-02,0,51,71,,35,63,0,11,0
2016-11-03,51,0,74,,46,79,0,36,0
2016-11-04,0,0,91,,21,44,100,27,0
2016-11-05,0,0,58,,22,16,0,100,0
2016-11-06,51,0,85,,37,26,0,24,0
2016-11-07,0,0,47,,100,48,0,11,0
2016-11-08,47,0,58,,51,49,0,0,0
2016-11-09,0,0,47,,15,74,0,19,0
2016-11-10,100,0,54,,27,39,0,0,0
2016-11-11,0,0,78,,29,97,0,50,0
2016-11-12,0,0,82,,43,61,0,28,0
2016-11-13,0,0,45,,16,34,0,31,46
2016-11-14,0,0,64,,32,69,0,31,0
2016-11-15,0,0,42,,40,35,0,10,0
2016-11-16,0,0,64,,8,36,81,43,0
2016-11-17,0,0,63,,44,38,0,45,50
2016-11-18,0,0,100,,10,74,0,54,0
2016-11-19,0,0,82,,32,31,0,28,0
2016-11-20,0,0,79,,39,14,0,25,56
2016-11-21,0,0,45,,17,12,0,34,0
2016-11-22,0,0,74,,9,38,0,45,0
2016-11-23,0,0,61,,53,51,0,46,0
2016-11-24,0,0,67,,44,50,85,68,0
2016-11-25,0,0,82,,29,56,0,25,0
2016-11-26,0,0,74,,43,62,0,56,0
2016-11-27,51,0,77,,18,52,0,24,0
2016-11-28,0,49,51,,42,24,0,11,0
2016-11-29,0,100,73,,26,62,0,34,0
2016-11-30,0,0,64,,44,63,0,23,0
2016-12-01,0,0,30,71.0,25,79,43,32,85
2016-12-02,0,0,35,0.0,14,15,50,0,0
2016-12-03,0,0,50,0.0,32,84,0,61,0
2016-12-04,0,0,38,0.0,51,40,44,65,0
2016-12-05,0,0,30,0.0,87,34,0,28,73
2016-12-06,92,0,42,0.0,60,75,0,46,0
2016-12-07,0,0,28,0.0,12,100,41,45,0
2016-12-08,0,0,46,0.0,48,63,41,61,0
2016-12-09,0,0,32,0.0,44,61,0,19,0
2016-12-10,0,100,48,0.0,58,46,100,18,0
2016-12-11,100,90,53,0.0,78,55,45,83,0
2016-12-12,0,84,49,0.0,73,13,0,47,0
2016-12-13,0,86,53,0.0,50,39,0,0,0
2016-12-14,96,0,58,0.0,12,39,0,48,84
2016-12-15,0,90,89,0.0,13,55,0,100,0
2016-12-16,0,0,44,0.0,44,0,0,19,100
2016-12-17,0,0,76,0.0,17,17,0,85,0
2016-12-18,0,0,52,0.0,54,57,0,34,0
2016-12-19,96,0,59,0.0,0,65,0,63,0
2016-12-20,0,0,43,0.0,52,14,0,33,0
2016-12-21,0,0,47,0.0,53,14,0,17,0
2016-12-22,0,0,100,0.0,54,71,0,35,0
2016-12-23,0,0,76,0.0,30,48,0,77,0
2016-12-24,0,0,77,0.0,35,0,0,89,0
2016-12-25,0,0,32,100.0,35,37,0,0,0
2016-12-26,0,0,31,0.0,30,32,0,96,0
2016-12-27,0,0,18,0.0,28,45,0,73,0
2016-12-28,0,98,21,0.0,57,30,0,36,0
2016-12-29,0,0,37,0.0,14,15,0,36,0
2016-12-30,0,0,47,0.0,79,67,55,20,0
2016-12-31,0,0,15,0.0,100,35,0,43,0
2017-01-01,100,0,44,0.0,37,64,0,22,58
2017-01-02,0,97,52,0.0,68,15,0,0,0
2017-01-03,0,0,54,0.0,33,28,97,79,0
2017-01-04,0,0,74,0.0,82,43,0,79,0
2017-01-05,48,100,79,0.0,88,61,0,63,55
2017-01-06,0,0,81,0.0,36,31,0,65,0
2017-01-07,0,0,49,0.0,57,49,0,45,0
2017-01-08,0,0,78,0.0,33,57,0,99,0
2017-01-09,0,0,61,0.0,45,39,0,73,47
2017-01-10,0,88,47,96.0,46,40,0,18,48
2017-01-11,0,0,55,0.0,46,40,0,55,0
2017-01-12,0,89,81,0.0,31,40,0,37,0
2017-01-13,0,0,53,0.0,69,30,0,83,0
2017-01-14,0,0,65,0.0,73,16,0,87,0
2017-01-15,0,0,41,100.0,96,69,0,38,100
2017-01-16,0,83,45,0.0,44,25,0,53,46
2017-01-17,0,0,55,0.0,73,25,0,70,0
2017-01-18,0,0,34,0.0,14,49,0,68,0
2017-01-19,0,0,52,0.0,59,89,0,0,0
2017-01-20,0,98,57,0.0,34,44,0,82,0
2017-01-21,0,0,73,0.0,34,45,0,21,0
2017-01-22,0,0,100,0.0,15,13,0,54,0
2017-01-23,0,0,66,0.0,73,38,0,70,46
2017-01-24,0,0,63,0.0,74,26,0,18,0
2017-01-25,0,0,34,0.0,58,13,0,87,0
2017-01-26,0,0,63,0.0,15,26,0,71,0
2017-01-27,0,95,75,0.0,100,0,0,100,0
2017-01-28,0,0,55,0.0,58,100,0,69,0
2017-01-29,46,0,68,0.0,34,0,100,61,0
2017-01-30,0,0,74,0.0,75,13,0,72,0
2017-01-31,0,0,50,0.0,99,12,0,51,89
2017-02-01,52,0,59,0.0,11,26,0,11,0
2017-02-02,0,79,51,0.0,55,27,50,58,20
2017-02-03,0,0,48,0.0,63,15,0,0,0
2017-02-04,0,100,49,0.0,28,84,0,15,0
2017-02-05,0,0,51,0.0,0,33,0,14,0
2017-02-06,0,0,28,0.0,80,56,52,24,21
2017-02-07,0,0,40,0.0,21,39,0,100,0
2017-02-08,0,0,63,0.0,74,64,48,55,0
2017-02-09,0,79,62,0.0,44,40,100,11,0
2017-02-10,0,0,55,0.0,38,15,0,27,0
2017-02-11,66,0,89,0.0,55,33,0,43,0
2017-02-12,0,80,84,0.0,66,27,0,70,100
2017-02-13,0,0,71,0.0,100,61,0,31,18
2017-02-14,52,0,40,0.0,32,0,0,56,0
2017-02-15,100,0,48,0.0,41,100,0,54,0
2017-02-16,49,0,55,0.0,61,49,0,0,0
2017-02-17,55,81,58,0.0,34,55,0,24,0
2017-02-18,0,0,71,0.0,50,91,57,65,23
2017-02-19,0,0,40,0.0,56,27,51,47,0
2017-02-20,51,0,28,0.0,31,50,0,11,0
2017-02-21,0,0,17,0.0,64,65,0,11,0
2017-02-22,52,0,61,0.0,32,26,0,22,0
2017-02-23,0,77,61,0.0,43,39,0,45,0
2017-02-24,59,0,100,0.0,25,59,0,38,0
2017-02-25,64,0,86,0.0,66,32,0,28,0
2017-02-26,0,80,63,100.0,33,40,51,23,0
2017-02-27,47,0,40,0.0,39,83,0,20,18
2017-02-28,48,0,48,0.0,20,36,0,10,18
2017-03-01,88,92,29,100.0,100,23,0,30,0
2017-03-02,91,0,39,0.0,69,35,85,47,53
2017-03-03,0,0,66,0.0,13,27,0,55,0
2017-03-04,0,0,100,0.0,85,58,0,19,0
2017-03-05,96,100,85,0.0,24,62,0,33,0
2017-03-06,0,89,56,48.0,32,77,79,29,49
2017-03-07,0,0,49,47.0,74,54,0,43,0
2017-03-08,0,92,52,0.0,67,34,82,61,0
2017-03-09,0,93,67,0.0,45,68,0,77,51
2017-03-10,0,0,51,0.0,36,37,90,100,0
2017-03-11,100,0,89,57.0,25,26,0,52,0
2017-03-12,87,0,77,0.0,77,67,0,30,0
2017-03-13,0,86,46,0.0,73,53,0,57,0
2017-03-14,0,0,57,0.0,46,35,0,47,53
2017-03-15,93,0,61,0.0,83,48,87,81,0
2017-03-16,0,99,56,0.0,60,49,88,33,0
2017-03-17,0,0,43,0.0,28,56,0,76,0
2017-03-18,0,0,66,0.0,45,46,0,21,0
2017-03-19,0,0,55,0.0,75,26,0,34,0
2017-03-20,0,0,41,0.0,34,57,0,77,51
2017-03-21,0,0,49,0.0,67,45,0,76,51
2017-03-22,0,0,43,0.0,44,56,0,60,0
2017-03-23,0,95,68,0.0,11,58,85,47,0
2017-03-24,0,0,78,0.0,13,53,0,89,60
2017-03-25,0,0,64,0.0,55,28,0,56,63
2017-03-26,91,0,60,0.0,57,59,85,47,0
2017-03-27,0,0,53,0.0,64,76,0,29,0
2017-03-28,0,0,79,0.0,22,11,80,30,50
2017-03-29,0,0,82,0.0,65,100,0,30,100
2017-03-30,0,0,54,0.0,34,59,0,63,53
2017-03-31,0,0,46,0.0,81,55,100,0,0
2017-04-01,91,0,61,0.0,71,61,52,32,0
2017-04-02,80,100,54,0.0,37,71,0,14,0
2017-04-03,0,0,55,0.0,76,62,40,24,0
2017-04-04,0,0,69,0.0,63,60,0,35,97
2017-04-05,0,0,44,0.0,11,31,0,48,0
2017-04-06,0,0,56,0.0,58,33,0,89,0
2017-04-07,0,0,59,100.0,14,49,100,45,0
2017-04-08,95,0,91,0.0,45,21,0,49,69
2017-04-09,0,0,69,0.0,26,46,47,100,0
2017-04-10,0,0,52,84.0,46,73,0,51,0
2017-04-11,0,0,63,0.0,22,80,0,75,0
2017-04-12,0,0,69,0.0,11,23,0,24,100
2017-04-13,75,0,80,0.0,23,59,0,26,0
2017-04-14,0,0,83,0.0,27,48,0,45,63
2017-04-15,0,0,100,0.0,56,30,51,16,0
2017-04-16,89,0,85,0.0,42,30,0,62,0
2017-04-17,0,0,57,0.0,80,57,49,89,62
2017-04-18,0,100,66,0.0,87,53,91,27,57
2017-04-19,80,0,66,0.0,0,9,91,28,0
2017-04-20,82,0,36,0.0,77,100,93,57,0
2017-04-21,90,0,67,0.0,42,30,0,31,0
2017-04-22,100,0,75,0.0,47,11,0,35,0
2017-04-23,86,0,61,0.0,40,19,0,45,0
2017-04-24,0,0,52,0.0,13,36,47,28,59
2017-04-25,0,0,58,0.0,67,76,0,44,0
2017-04-26,78,0,53,0.0,61,26,45,14,0
2017-04-27,80,0,54,0.0,100,9,46,14,0
2017-04-28,0,0,66,0.0,55,49,50,0,63
2017-04-29,88,0,80,0.0,41,19,0,15,0
2017-04-30,0,0,85,0.0,37,27,45,55,0
2017-05-01,0,0,30,0.0,48,68,0,31,76
2017-05-02,0,0,42,0.0,89,59,92,16,0
2017-05-03,0,0,44,0.0,48,68,0,16,0
2017-05-04,0,0,39,0.0,29,49,91,32,0
2017-05-05,0,0,51,0.0,0,34,0,56,0
2017-05-06,0,0,54,0.0,63,25,0,62,0
2017-05-07,0,0,46,0.0,22,54,0,71,0
2017-05-08,0,76,36,0.0,38,57,89,62,0
2017-05-09,0,0,50,0.0,58,48,0,78,0
2017-05-10,0,0,29,0.0,38,28,0,31,0
2017-05-11,0,74,54,83.0,47,66,0,61,74
2017-05-12,0,0,60,0.0,33,44,0,53,86
2017-05-13,0,100,93,0.0,63,38,0,41,100
2017-05-14,0,0,69,0.0,54,32,0,35,0
2017-05-15,0,0,40,0.0,20,50,0,48,0
2017-05-16,100,0,43,0.0,100,100,0,0,0
2017-05-17,0,0,55,0.0,60,30,0,0,0
2017-05-18,0,0,46,0.0,31,62,0,84,81
2017-05-19,0,0,58,0.0,23,12,0,19,0
2017-05-20,0,0,59,0.0,65,26,0,85,0
2017-05-21,0,0,72,0.0,23,23,0,95,0
2017-05-22,0,0,28,0.0,64,74,0,35,0
2017-05-23,0,79,24,88.0,30,50,93,65,79
2017-05-24,0,0,57,0.0,31,41,97,67,0
2017-05-25,0,0,53,0.0,32,64,100,17,0
2017-05-26,59,0,68,0.0,36,71,0,19,0
2017-05-27,0,0,100,0.0,64,13,0,62,0
2017-05-28,0,90,73,100.0,57,68,0,74,0
2017-05-29,0,0,49,0.0,31,31,0,67,0
2017-05-30,0,81,53,0.0,51,92,0,50,0
2017-05-31,0,0,46,0.0,61,31,0,100,0
2017-06-01,0,86,78,0.0,20,42,0,30,0
2017-06-02,0,0,61,0.0,0,35,0,17,100
2017-06-03,0,0,86,0.0,49,64,0,74,0
2017-06-04,0,100,75,0.0,0,61,0,18,0
2017-06-05,93,0,73,0.0,42,32,0,31,92
2017-06-06,0,0,65,0.0,88,30,0,29,0
2017-06-07,0,0,39,0.0,48,100,44,15,0
2017-06-08,0,0,33,0.0,30,51,45,30,0
2017-06-09,100,0,79,0.0,11,47,0,51,0
2017-06-10,54,0,73,0.0,12,25,0,73,0
2017-06-11,0,0,74,0.0,56,11,100,100,0
2017-06-12,0,81,60,0.0,38,88,0,57,0
2017-06-13,0,0,66,0.0,38,29,85,28,0
2017-06-14,0,0,53,0.0,89,10,0,74,0
2017-06-15,0,0,68,0.0,51,21,46,0,0
2017-06-16,0,0,93,0.0,12,48,0,35,0
2017-06-17,0,0,100,0.0,100,52,0,37,0
2017-06-18,48,0,51,0.0,54,11,0,33,0
2017-06-19,0,0,42,0.0,29,50,0,14,0
2017-06-20,0,0,82,0.0,76,20,0,0,0
2017-06-21,0,0,49,0.0,18,48,0,28,81
2017-06-22,41,0,53,0.0,37,29,0,42,82
2017-06-23,0,0,66,100.0,31,43,47,31,0
2017-06-24,52,0,67,0.0,35,97,0,71,0
2017-06-25,0,0,77,0.0,11,79,0,49,0
2017-06-26,44,0,49,95.0,39,51,44,15,0
2017-06-27,0,0,67,0.0,40,10,0,45,0
2017-06-28,45,0,57,0.0,40,31,0,76,0
2017-06-29,0,0,69,0.0,72,43,0,15,0
2017-06-30,0,98,92,0.0,23,0,0,35,0
2017-07-01,0,0,77,0.0,25,37,56,0,0
2017-07-02,96,100,88,0.0,45,17,0,34,0
2017-07-03,0,0,41,0.0,31,38,0,10,0
2017-07-04,0,0,81,0.0,21,15,93,32,0
2017-07-05,0,0,57,0.0,11,40,0,22,0
2017-07-06,0,0,78,0.0,32,24,48,22,0
2017-07-07,0,0,79,0.0,61,18,0,100,0
2017-07-08,0,0,51,0.0,27,0,0,14,0
2017-07-09,0,0,84,0.0,12,18,0,25,97
2017-07-10,0,0,60,0.0,100,17,0,23,0
2017-07-11,0,0,50,0.0,33,24,0,11,87
2017-07-12,0,0,44,0.0,54,16,0,33,0
2017-07-13,0,0,59,0.0,55,33,0,56,0
2017-07-14,0,0,78,0.0,36,27,0,12,0
2017-07-15,0,0,67,0.0,28,72,0,28,0
2017-07-16,0,0,90,0.0,48,18,54,0,0
2017-07-17,92,0,87,0.0,43,49,48,33,87
2017-07-18,0,0,54,0.0,56,42,100,34,0
2017-07-19,0,0,61,0.0,22,49,49,33,0
2017-07-20,0,48,61,0.0,43,16,0,0,86
2017-07-21,0,0,60,0.0,45,75,0,11,90
2017-07-22,0,55,90,0.0,87,56,56,13,100
2017-07-23,0,0,43,0.0,58,17,51,24,0
2017-07-24,0,0,53,0.0,31,100,46,42,83
2017-07-25,90,0,57,100.0,32,47,0,54,0
2017-07-26,0,0,75,0.0,62,54,46,32,83
2017-07-27,0,0,43,0.0,30,30,45,20,0
2017-07-28,100,0,73,0.0,82,35,0,84,0
2017-07-29,0,0,100,0.0,27,50,59,54,0
2017-07-30,0,52,70,0.0,24,44,53,36,0
2017-07-31,0,0,53,0.0,40,22,44,20,0
2017-08-01,0,51,50,0.0,85,46,0,50,0
2017-08-02,0,0,89,0.0,95,61,0,74,0
2017-08-03,52,0,75,0.0,100,24,0,65,0
2017-08-04,0,0,73,0.0,79,76,100,77,0
2017-08-05,0,68,78,0.0,0,30,0,0,100
2017-08-06,0,0,69,0.0,47,68,0,41,84
2017-08-07,0,50,64,0.0,31,45,0,24,0
2017-08-08,0,0,62,0.0,51,37,0,0,0
2017-08-09,0,0,44,0.0,30,51,0,47,0
2017-08-10,100,0,66,0.0,65,39,0,25,0
2017-08-11,0,0,100,0.0,73,26,0,100,0
2017-08-12,0,66,91,0.0,54,39,0,48,97
2017-08-13,0,0,60,0.0,92,25,0,13,0
2017-08-14,0,100,64,80.0,83,45,0,24,0
2017-08-15,0,0,43,83.0,32,100,0,37,76
2017-08-16,0,0,53,0.0,32,8,0,12,0
2017-08-17,0,0,78,0.0,11,31,0,37,0
2017-08-18,58,0,80,0.0,50,36,95,29,0
2017-08-19,60,0,83,100.0,39,37,0,45,92
2017-08-20,0,0,69,0.0,47,26,0,28,84
2017-08-21,0,0,50,0.0,53,31,0,25,0
2017-08-22,0,0,54,0.0,65,55,0,89,0
2017-08-23,0,53,67,0.0,66,47,0,38,78
2017-08-24,0,0,79,0.0,56,16,0,13,0
2017-08-25,0,0,55,0.0,38,9,0,0,0
2017-08-26,0,0,67,0.0,67,58,0,63,0
2017-08-27,53,0,76,0.0,11,90,0,26,81
2017-08-28,0,0,57,0.0,62,37,0,36,0
2017-08-29,0,0,81,0.0,64,62,0,50,76
2017-08-30,97,0,64,0.0,42,15,80,0,0
2017-08-31,0,0,74,0.0,43,31,0,25,0
2017-09-01,0,0,74,,17,59,89,23,0
2017-09-02,0,0,80,,27,77,0,74,0
2017-09-03,100,0,63,,82,94,0,45,45
2017-09-04,0,0,28,,74,42,0,20,0
2017-09-05,44,0,43,,36,83,0,20,40
2017-09-06,0,0,63,,50,81,0,0,39
2017-09-07,0,46,56,,29,63,78,40,0
2017-09-08,0,0,80,,25,93,0,45,0
2017-09-09,0,0,63,,26,50,0,24,0
2017-09-10,0,49,73,,39,100,83,21,86
2017-09-11,0,0,58,,21,71,76,39,0
2017-09-12,0,90,64,,65,41,0,59,0
2017-09-13,44,0,34,,43,21,0,20,0
2017-09-14,45,0,72,,37,31,0,20,0
2017-09-15,0,0,67,,41,24,0,23,0
2017-09-16,0,57,100,,27,26,0,50,100
2017-09-17,47,0,59,,100,55,0,42,0
2017-09-18,0,0,64,,36,71,0,78,0
2017-09-19,44,0,62,,51,72,0,40,0
2017-09-20,0,0,47,,29,84,0,60,0
2017-09-21,44,0,62,,29,52,78,100,0
2017-09-22,0,0,61,,25,72,0,0,0
2017-09-23,0,0,79,,34,24,0,46,0
2017-09-24,0,100,88,,16,68,0,87,0
2017-09-25,43,44,42,,57,91,0,19,0
2017-09-26,85,44,71,,56,50,0,19,0
2017-09-27,0,0,65,,59,42,0,61,0
2017-09-28,0,0,55,,23,11,0,63,0
2017-09-29,0,0,64,,18,25,0,98,0
2017-09-30,0,0,52,,28,80,100,26,52
2017-10-01,0,0,53,100.0,0,59,52,0,0
2017-10-02,0,89,56,0.0,39,100,48,43,0
2017-10-03,0,0,83,0.0,32,46,100,45,49
2017-10-04,0,0,58,0.0,57,58,50,15,49
2017-10-05,0,0,49,0.0,33,47,0,46,100
2017-10-06,41,0,64,0.0,18,51,0,17,0
2017-10-07,0,0,100,0.0,54,38,0,33,0
2017-10-08,37,0,68,0.0,16,23,0,15,0
2017-10-09,35,0,34,0.0,39,55,0,57,0
2017-10-10,0,0,62,0.0,39,45,97,0,0
2017-10-11,0,89,56,0.0,31,100,48,87,0
2017-10-12,0,93,45,0.0,24,23,0,30,0
2017-10-13,0,100,56,0.0,18,100,0,49,0
2017-10-14,44,0,73,0.0,10,69,0,18,0
2017-10-15,0,0,61,0.0,32,92,0,45,49
2017-10-16,0,83,52,0.0,36,62,0,13,0
2017-10-17,100,0,64,0.0,22,73,0,14,0
2017-10-18,34,0,39,0.0,22,21,0,0,0
2017-10-19,0,0,61,0.0,8,44,0,43,0
2017-10-20,0,0,49,0.0,35,50,0,16,0
2017-10-21,0,0,52,0.0,38,40,58,17,0
2017-10-22,41,0,82,0.0,63,26,0,100,0
2017-10-23,0,86,60,90.0,53,64,0,0,45
2017-10-24,0,0,41,0.0,29,63,0,95,0
2017-10-25,33,0,60,0.0,21,82,0,27,0
2017-10-26,0,0,38,0.0,59,21,0,28,45
2017-10-27,0,0,65,0.0,34,24,53,16,0
2017-10-28,0,0,69,0.0,37,65,0,34,0
2017-10-29,36,0,60,0.0,40,45,0,44,0
2017-10-30,34,84,59,0.0,37,42,46,27,0
2017-10-31,35,0,37,0.0,100,11,0,43,46
2017-11-01,0,0,45,0.0,46,53,0,67,0
2017-11-02,0,100,40,100.0,34,93,0,51,0
2017-11-03,93,37,35,0.0,25,59,0,19,56
2017-11-04,100,0,69,0.0,41,31,49,100,0
2017-11-05,90,0,65,0.0,73,99,0,18,0
2017-11-06,0,0,60,0.0,45,92,0,50,50
2017-11-07,0,0,33,0.0,33,13,0,32,0
2017-11-08,0,0,50,0.0,57,92,41,50,100
2017-11-09,86,0,51,0.0,70,54,84,0,0
2017-11-10,0,0,69,0.0,39,60,46,38,57
2017-11-11,0,0,100,0.0,56,65,100,62,62
2017-11-12,0,0,56,0.0,60,28,0,36,0
2017-11-13,81,0,61,96.0,33,13,0,16,0
2017-11-14,0,0,58,0.0,45,66,0,50,0
2017-11-15,0,0,39,0.0,56,92,0,33,50
2017-11-16,86,0,57,0.0,23,81,0,17,0
2017-11-17,0,0,61,0.0,26,46,0,77,0
2017-11-18,0,0,75,0.0,14,65,0,41,62
2017-11-19,0,0,57,0.0,25,29,44,36,54
2017-11-20,0,0,39,0.0,100,64,0,49,0
2017-11-21,0,0,50,0.0,23,53,0,67,0
2017-11-22,0,32,41,0.0,22,52,0,16,0
2017-11-23,0,0,40,0.0,35,54,41,85,0
2017-11-24,0,0,30,0.0,65,45,0,39,0
2017-11-25,0,0,73,0.0,71,83,0,84,0
2017-11-26,0,0,34,0.0,37,100,44,73,54
2017-11-27,0,0,35,0.0,44,51,0,48,0
2017-11-28,0,0,45,0.0,23,0,0,0,0
2017-11-29,0,34,54,0.0,81,27,0,0,0
2017-11-30,0,0,49,0.0,59,96,43,17,0
2017-12-01,100,0,46,0.0,14,15,0,24,0
2017-12-02,0,0,65,0.0,47,82,62,66,0
2017-12-03,0,0,36,0.0,54,28,53,45,49
2017-12-04,42,0,33,0.0,85,63,0,50,0
2017-12-05,43,0,44,0.0,49,39,0,72,0
2017-12-06,0,0,38,0.0,63,52,0,10,0
2017-12-07,0,0,46,0.0,51,27,0,42,46
2017-12-08,0,0,50,0.0,44,46,0,0,0
2017-12-09,0,0,36,0.0,77,65,61,13,0
2017-12-10,0,0,38,73.0,13,14,51,33,48
2017-12-11,0,0,59,68.0,60,38,0,50,0
2017-12-12,0,0,45,0.0,25,65,0,21,0
2017-12-13,44,0,41,0.0,100,0,49,21,0
2017-12-14,0,85,48,0.0,54,56,0,0,0
2017-12-15,0,0,48,0.0,0,31,0,24,54
2017-12-16,0,0,63,0.0,48,83,0,66,0
2017-12-17,48,0,49,77.0,55,100,0,57,0
2017-12-18,43,0,44,0.0,12,26,0,51,0
2017-12-19,44,0,71,0.0,89,53,100,42,0
2017-12-20,45,0,61,0.0,52,40,0,54,0
2017-12-21,0,0,54,0.0,41,0,54,34,0
2017-12-22,54,0,61,0.0,61,96,0,13,56
2017-12-23,0,0,88,0.0,16,16,0,52,0
2017-12-24,0,0,100,100.0,18,0,0,30,0
2017-12-25,0,0,31,0.0,86,36,0,100,0
2017-12-26,48,0,25,0.0,69,71,54,34,100
2017-12-27,0,0,35,0.0,42,44,55,35,0
2017-12-28,0,0,31,81.0,58,15,0,24,0
2017-12-29,0,0,33,0.0,46,32,0,26,0
2017-12-30,0,100,51,0.0,16,50,0,53,0
2017-12-31,0,0,38,0.0,33,17,0,41,0
2018-01-01,0,98,74,0.0,52,45,0,39,0
2018-01-02,0,0,68,0.0,96,41,0,36,0
2018-01-03,46,0,74,0.0,0,13,0,11,0
2018-01-04,0,79,60,0.0,31,24,0,10,0
2018-01-05,0,0,83,0.0,100,51,0,100,0
2018-01-06,0,0,58,100.0,50,58,96,38,0
2018-01-07,100,0,51,0.0,83,27,0,36,89
2018-01-08,0,0,27,0.0,43,100,0,0,82
2018-01-09,0,0,61,0.0,54,37,0,32,0
2018-01-10,0,79,71,0.0,52,85,0,32,79
2018-01-11,0,0,81,0.0,32,50,0,22,0
2018-01-12,0,90,47,95.0,24,27,0,48,0
2018-01-13,0,0,74,0.0,13,75,0,52,0
2018-01-14,0,0,66,0.0,35,27,0,35,0
2018-01-15,0,0,35,0.0,20,57,0,40,0
2018-01-16,0,0,48,0.0,41,24,0,52,0
2018-01-17,42,0,100,0.0,60,46,0,20,76
2018-01-18,43,0,44,0.0,51,35,0,20,0
2018-01-19,50,89,93,0.0,24,27,0,24,89
2018-01-20,0,0,51,0.0,39,45,100,39,0
2018-01-21,0,0,67,0.0,55,38,0,11,0
2018-01-22,0,74,74,0.0,39,34,0,39,0
2018-01-23,0,0,66,0.0,52,24,0,31,78
2018-01-24,0,0,75,0.0,21,36,0,32,0
2018-01-25,46,0,62,0.0,43,62,0,32,0
2018-01-26,50,0,72,0.0,12,27,0,83,0
2018-01-27,0,100,99,0.0,13,31,0,13,100
2018-01-28,0,0,55,0.0,12,82,0,47,0
2018-01-29,0,82,73,0.0,65,13,83,33,82
2018-01-30,0,0,58,0.0,41,12,0,10,77
2018-01-31,0,0,60,0.0,49,0,0,30,0
2018-02-01,0,0,37,0.0,35,26,50,58,0
2018-02-02,0,0,67,0.0,14,15,0,100,0
2018-02-03,0,0,100,0.0,90,32,63,55,28
2018-02-04,0,0,40,0.0,13,71,0,48,12
2018-02-05,0,100,85,0.0,76,14,0,47,24
2018-02-06,0,0,47,100.0,65,56,0,47,0
2018-02-07,50,0,66,0.0,12,26,0,44,0
2018-02-08,0,48,56,47.0,73,26,0,15,0
2018-02-09,0,0,51,0.0,53,100,56,16,12
2018-02-10,0,0,73,52.0,27,58,0,82,100
2018-02-11,98,0,64,0.0,47,89,100,57,33
2018-02-12,48,0,65,0.0,34,12,0,28,0
2018-02-13,0,0,57,0.0,58,50,0,28,11
2018-02-14,100,0,65,0.0,60,26,51,0,0
2018-02-15,0,0,39,0.0,50,14,0,15,0
2018-02-16,0,0,53,0.0,41,30,0,84,0
2018-02-17,62,0,61,0.0,30,32,63,36,14
2018-02-18,0,0,55,0.0,75,41,0,31,0
2018-02-19,0,0,57,0.0,100,48,0,14,0
2018-02-20,45,85,56,0.0,22,47,0,53,0
2018-02-21,0,0,29,0.0,23,25,0,28,0
2018-02-22,51,0,35,0.0,37,53,0,0,0
2018-02-23,0,0,74,0.0,86,93,0,52,13
2018-02-24,0,60,67,0.0,77,33,0,0,0
2018-02-25,0,0,86,0.0,87,67,0,30,0
2018-02-26,0,0,51,0.0,69,62,0,28,0
2018-02-27,0,0,62,0.0,80,37,49,70,0
2018-02-28,95,45,47,0.0,57,37,0,42,0
2018-03-01,80,75,31,0.0,16,18,0,45,0
2018-03-02,0,89,42,0.0,20,0,0,36,0
2018-03-03,0,0,55,0.0,32,59,0,79,0
2018-03-04,88,0,46,0.0,18,100,0,50,0
2018-03-05,0,0,33,0.0,100,18,0,0,0
2018-03-06,0,0,37,98.0,41,54,75,90,0
2018-03-07,0,0,33,0.0,66,45,0,30,48
2018-03-08,0,0,39,0.0,34,66,78,78,50
2018-03-09,0,0,43,0.0,40,44,0,73,0
2018-03-10,0,0,53,0.0,11,0,0,41,0
2018-03-11,0,0,47,0.0,37,61,0,51,0
2018-03-12,0,0,42,100.0,42,46,0,76,0
2018-03-13,0,0,42,0.0,50,28,0,61,0
2018-03-14,0,0,41,0.0,34,47,77,93,0
2018-03-15,83,78,57,0.0,69,38,0,31,100
2018-03-16,0,0,56,0.0,30,55,92,37,0
2018-03-17,0,100,32,0.0,33,60,100,100,0
2018-03-18,90,0,52,0.0,37,72,0,34,0
2018-03-19,0,0,54,0.0,42,65,77,15,0
2018-03-20,82,0,55,0.0,85,56,78,47,0
2018-03-21,81,0,58,0.0,42,55,77,15,49
2018-03-22,83,78,46,0.0,26,28,0,16,0
2018-03-23,0,0,42,0.0,20,32,0,36,0
2018-03-24,0,0,44,0.0,21,45,0,19,0
2018-03-25,89,0,67,0.0,37,71,0,68,0
2018-03-26,0,0,51,0.0,50,37,0,30,0
2018-03-27,0,77,66,0.0,43,65,0,46,0
2018-03-28,84,0,67,0.0,26,29,0,32,0
2018-03-29,97,0,61,0.0,20,22,0,73,0
2018-03-30,0,0,100,0.0,21,35,0,78,63
2018-03-31,100,0,80,0.0,52,45,0,19,0
2018-04-01,0,0,99,0.0,23,62,0,17,64
2018-04-02,0,0,78,0.0,40,28,0,74,57
2018-04-03,47,0,32,0.0,45,12,0,40,0
2018-04-04,0,0,40,0.0,53,61,0,26,0
2018-04-05,47,0,51,0.0,27,87,0,27,0
2018-04-06,52,48,81,0.0,50,28,57,0,0
2018-04-07,58,53,51,0.0,45,92,63,49,0
2018-04-08,0,0,45,0.0,39,54,0,29,55
2018-04-09,0,0,51,0.0,60,24,0,63,0
2018-04-10,0,0,51,0.0,43,0,0,13,0
2018-04-11,0,0,71,0.0,26,48,100,52,100
2018-04-12,94,0,48,0.0,18,63,0,67,0
2018-04-13,0,0,75,0.0,10,56,0,0,58
2018-04-14,57,0,89,0.0,33,15,0,49,0
2018-04-15,0,47,63,0.0,59,41,0,0,0
2018-04-16,47,0,77,0.0,100,100,0,27,0
2018-04-17,0,45,57,0.0,28,65,0,42,0
2018-04-18,50,46,61,0.0,68,80,55,43,0
2018-04-19,51,0,72,0.0,29,54,0,14,0
2018-04-20,54,100,59,0.0,42,43,60,46,0
2018-04-21,0,0,100,100.0,68,31,0,17,0
2018-04-22,0,0,82,0.0,53,58,0,62,0
2018-04-23,0,0,59,0.0,28,51,0,14,53
2018-04-24,0,0,72,0.0,68,0,0,14,0
2018-04-25,0,0,74,0.0,60,41,0,59,0
2018-04-26,100,0,61,85.0,48,80,0,100,0
2018-04-27,0,0,57,0.0,20,56,0,75,57
2018-04-28,54,0,70,0.0,42,72,0,15,0
2018-04-29,0,0,80,0.0,66,91,54,42,0
2018-04-30,0,42,68,0.0,53,24,0,26,0
2018-05-01,0,0,56,0.0,9,45,50,54,0
2018-05-02,35,0,53,0.0,47,79,50,27,0
2018-05-03,0,89,64,0.0,39,93,0,14,0
2018-05-04,41,0,93,0.0,44,39,0,79,0
2018-05-05,0,0,66,100.0,23,14,0,100,0
2018-05-06,0,0,80,0.0,61,97,0,29,0
2018-05-07,34,0,50,0.0,46,100,0,27,15
2018-05-08,34,0,44,0.0,55,89,49,40,0
2018-05-09,0,86,65,0.0,47,45,100,41,0
2018-05-10,0,0,86,0.0,65,34,0,14,16
2018-05-11,0,0,73,0.0,10,60,0,73,0
2018-05-12,0,100,86,0.0,43,39,58,63,0
2018-05-13,76,0,97,0.0,30,61,0,15,17
2018-05-14,100,83,43,0.0,72,43,0,52,0
2018-05-15,0,84,57,0.0,36,54,0,26,0
2018-05-16,0,0,61,0.0,65,55,49,0,0
2018-05-17,36,0,88,0.0,38,34,0,14,16
2018-05-18,0,0,58,0.0,43,39,0,16,0
2018-05-19,0,0,76,0.0,34,55,0,50,76
2018-05-20,0,0,51,0.0,20,36,53,14,100
2018-05-21,0,0,52,0.0,55,33,0,13,77
2018-05-22,0,0,63,79.0,100,55,0,40,30
2018-05-23,68,84,49,0.0,82,33,0,13,30
2018-05-24,0,0,45,0.0,38,34,0,41,31
2018-05-25,41,0,97,0.0,33,26,0,47,0
2018-05-26,0,0,100,0.0,47,70,0,34,0
2018-05-27,0,0,67,0.0,30,49,54,44,17
2018-05-28,34,85,26,0.0,46,44,0,0,31
2018-05-29,0,0,27,83.0,67,35,51,83,48
2018-05-30,0,89,79,0.0,77,69,0,0,16
2018-05-31,0,0,75,0.0,40,48,0,14,16
2018-06-01,54,93,68,0.0,50,59,0,44,12
2018-06-02,58,0,100,97.0,54,51,0,47,7
2018-06-03,54,0,81,0.0,63,36,0,44,6
2018-06-04,48,0,76,0.0,66,84,0,0,0
2018-06-05,0,0,44,0.0,62,59,0,36,15
2018-06-06,0,0,42,0.0,32,99,76,12,16
2018-06-07,95,0,62,79.0,88,52,0,64,16
2018-06-08,54,0,75,0.0,76,24,0,29,19
2018-06-09,0,0,55,0.0,83,39,0,16,14
2018-06-10,51,0,88,0.0,48,34,0,14,12
2018-06-11,0,76,38,0.0,41,68,0,36,86
2018-06-12,0,0,52,69.0,48,73,0,67,100
2018-06-13,0,0,44,0.0,100,9,0,12,74
2018-06-14,93,0,34,0.0,75,30,0,0,37
2018-06-15,0,0,42,0.0,25,46,0,100,30
2018-06-16,58,100,60,97.0,27,51,97,16,13
2018-06-17,51,87,44,0.0,35,100,0,27,12
2018-06-18,44,0,76,74.0,71,58,0,24,45
2018-06-19,0,0,44,0.0,93,39,0,12,62
2018-06-20,91,0,89,0.0,21,70,0,37,52
2018-06-21,0,0,57,0.0,88,62,0,13,22
2018-06-22,0,95,54,0.0,64,49,92,15,32
2018-06-23,0,0,62,100.0,55,79,100,65,21
2018-06-24,100,0,60,0.0,35,33,84,27,29
2018-06-25,0,0,56,0.0,21,78,0,24,46
2018-06-26,46,0,50,0.0,84,60,76,25,21
2018-06-27,47,81,84,0.0,54,41,0,38,54
2018-06-28,96,0,41,0.0,56,53,0,0,28
2018-06-29,0,0,42,0.0,13,61,0,60,45
2018-06-30,61,0,73,0.0,56,40,0,49,14
2018-07-01,48,50,60,0.0,73,64,53,44,12
2018-07-02,45,0,73,0.0,34,50,0,55,40
2018-07-03,0,0,39,0.0,68,40,100,42,23
2018-07-04,0,0,45,0.0,0,52,51,14,24
2018-07-05,48,49,46,0.0,71,21,0,58,42
2018-07-06,52,0,68,0.0,39,46,57,0,20
2018-07-07,0,0,86,0.0,41,61,0,100,14
2018-07-08,0,100,92,0.0,24,32,0,15,18
2018-07-09,45,0,61,0.0,57,30,50,28,35
2018-07-10,46,0,57,0.0,58,31,0,28,100
2018-07-11,46,0,57,0.0,34,41,50,42,70
2018-07-12,0,52,74,100.0,38,0,55,77,26
2018-07-13,0,0,71,0.0,54,36,60,0,35
2018-07-14,0,0,68,0.0,43,13,0,17,22
2018-07-15,0,0,64,0.0,61,33,0,45,6
2018-07-16,49,0,58,0.0,36,32,0,74,12
2018-07-17,0,0,39,0.0,84,32,0,59,6
2018-07-18,99,0,51,0.0,37,77,0,45,0
2018-07-19,100,52,100,0.0,62,78,0,61,6
2018-07-20,55,0,68,0.0,41,49,60,17,7
2018-07-21,56,0,67,0.0,98,50,0,17,21
2018-07-22,0,0,57,0.0,63,100,0,15,6
2018-07-23,0,0,50,0.0,23,62,0,14,6
2018-07-24,47,0,66,0.0,70,83,0,0,12
2018-07-25,90,93,65,0.0,89,10,0,41,0
2018-07-26,92,48,40,0.0,80,71,0,70,0
2018-07-27,0,54,65,0.0,39,35,0,32,0
2018-07-28,0,0,66,0.0,69,62,0,34,0
2018-07-29,0,0,62,99.0,100,44,0,61,0
2018-07-30,0,0,54,0.0,68,81,0,70,12
2018-07-31,0,0,60,0.0,33,59,0,27,0
2018-08-01,49,0,44,,69,42,0,0,38
2018-08-02,96,0,80,,48,27,0,60,0
2018-08-03,0,0,69,,11,24,0,18,89
2018-08-04,0,0,93,,13,27,0,20,49
2018-08-05,0,0,86,,54,38,82,50,83
2018-08-06,0,0,71,,49,48,0,15,0
2018-08-07,49,0,57,,98,42,0,15,0
2018-08-08,48,0,64,,48,34,0,15,0
2018-08-09,50,43,55,,80,29,0,78,0
2018-08-10,58,0,56,,23,25,0,55,45
2018-08-11,0,0,96,,52,18,100,0,0
2018-08-12,0,0,100,,33,32,0,17,0
2018-08-13,49,0,66,,68,35,0,15,38
2018-08-14,97,0,84,,20,42,0,30,0
2018-08-15,49,0,89,,20,28,0,0,0
2018-08-16,50,85,77,,100,50,0,31,0
2018-08-17,0,94,84,,44,0,0,34,0
2018-08-18,64,0,95,,51,37,99,100,100
2018-08-19,56,0,68,,34,40,0,87,44
2018-08-20,0,0,90,,78,35,75,30,0
2018-08-21,98,0,69,,39,63,0,46,0
2018-08-22,49,42,38,,98,77,0,0,38
2018-08-23,0,0,48,,70,100,77,62,0
2018-08-24,58,100,56,,70,50,0,36,0
2018-08-25,0,0,82,,38,9,0,40,0
2018-08-26,0,0,88,,34,73,88,18,0
2018-08-27,0,0,49,,71,51,0,32,0
2018-08-28,50,0,67,,60,57,0,78,0
2018-08-29,100,0,48,,90,29,77,47,39
2018-08-30,51,0,59,,20,7,0,32,0
2018-08-31,0,0,94,,23,25,0,91,0
2018-09-01,0,0,99,0.0,42,13,0,63,55
2018-09-02,100,0,73,0.0,73,66,0,68,0
2018-09-03,60,0,38,0.0,44,39,0,0,0
2018-09-04,31,77,58,98.0,67,100,78,25,0
2018-09-05,0,77,42,0.0,78,30,0,13,0
2018-09-06,31,78,51,0.0,68,51,79,25,44
2018-09-07,36,0,62,0.0,13,35,91,29,0
2018-09-08,0,0,100,0.0,57,64,100,48,0
2018-09-09,0,87,57,0.0,50,45,0,14,49
2018-09-10,31,0,56,0.0,33,50,0,12,0
2018-09-11,0,0,60,100.0,91,61,0,38,0
2018-09-12,0,0,70,0.0,22,51,0,0,44
2018-09-13,63,0,54,0.0,46,51,0,26,44
2018-09-14,36,0,62,0.0,0,35,0,44,0
2018-09-15,40,100,69,0.0,29,26,0,0,0
2018-09-16,0,0,69,0.0,100,34,88,28,0
2018-09-17,30,76,66,0.0,88,30,0,25,0
2018-09-18,31,77,70,0.0,78,50,0,25,0
2018-09-19,31,0,45,0.0,56,20,0,13,0
2018-09-20,0,0,54,0.0,34,72,80,0,0
2018-09-21,0,89,46,0.0,13,35,0,0,0
2018-09-22,40,0,74,0.0,44,40,0,16,0
2018-09-23,34,0,75,0.0,50,56,0,14,48
2018-09-24,31,77,56,0.0,89,60,0,100,43
2018-09-25,0,76,67,0.0,66,60,78,62,0
2018-09-26,62,78,42,0.0,90,91,0,0,0
2018-09-27,0,81,56,0.0,23,42,0,26,0
2018-09-28,37,0,57,0.0,40,61,0,76,0
2018-09-29,39,0,46,0.0,57,26,0,16,0
2018-09-30,0,0,45,0.0,64,46,0,14,100
2018-10-01,40,0,64,0.0,57,30,0,39,0
2018-10-02,0,0,31,0.0,39,38,82,20,0
2018-10-03,0,0,56,91.0,88,31,0,100,0
2018-10-04,0,0,61,0.0,100,39,0,82,0
2018-10-05,0,0,97,0.0,57,18,0,46,0
2018-10-06,0,0,100,0.0,61,29,0,50,0
2018-10-07,0,0,75,0.0,84,16,0,43,0
2018-10-08,0,0,50,0.0,60,8,0,20,0
2018-10-09,0,25,35,0.0,59,15,0,40,0
2018-10-10,42,100,53,0.0,69,100,0,20,0
2018-10-11,81,0,78,89.0,57,37,0,19,40
2018-10-12,0,0,90,0.0,21,25,0,21,45
2018-10-13,0,0,84,0.0,47,18,100,72,100
2018-10-14,0,0,63,0.0,83,8,0,21,0
2018-10-15,0,0,78,0.0,47,37,0,39,40
2018-10-16,0,0,59,0.0,82,57,0,56,0
2018-10-17,0,0,46,87.0,37,15,0,19,39
2018-10-18,0,0,45,0.0,29,31,0,40,0
2018-10-19,0,0,40,0.0,11,18,0,69,0
2018-10-20,52,0,62,0.0,74,10,0,25,0
2018-10-21,100,30,63,0.0,71,65,0,48,0
2018-10-22,0,0,65,0.0,30,39,0,0,43
2018-10-23,0,0,71,0.0,99,35,77,18,0
2018-10-24,38,0,58,0.0,27,71,0,74,0
2018-10-25,39,0,56,0.0,37,36,0,57,39
2018-10-26,45,0,65,100.0,43,17,91,0,0
2018-10-27,0,0,74,0.0,30,23,0,81,42
2018-10-28,41,0,55,0.0,38,60,0,39,0
2018-10-29,34,0,51,0.0,40,0,0,65,0
2018-10-30,0,0,68,0.0,34,54,0,35,0
2018-10-31,0,0,58,0.0,29,52,0,19,0
2018-11-01,0,0,71,0.0,9,100,0,0,0
2018-11-02,0,0,55,0.0,72,31,0,19,0
2018-11-03,0,100,100,0.0,33,49,0,0,0
2018-11-04,83,0,65,0.0,67,72,57,18,0
2018-11-05,0,78,75,0.0,59,63,100,15,0
2018-11-06,0,0,51,0.0,54,82,0,50,0
2018-11-07,0,0,70,0.0,43,77,0,47,0
2018-11-08,0,0,60,0.0,59,51,0,62,41
2018-11-09,0,94,54,0.0,41,15,0,37,0
2018-11-10,0,0,88,0.0,68,85,67,21,55
2018-11-11,0,0,63,100.0,30,44,0,36,0
2018-11-12,0,84,58,0.0,73,41,54,50,44
2018-11-13,79,0,46,0.0,37,56,0,0,0
2018-11-14,0,0,60,95.0,37,28,0,51,0
2018-11-15,0,0,65,0.0,29,58,0,36,47
2018-11-16,0,100,77,0.0,11,49,0,20,0
2018-11-17,100,0,78,0.0,0,35,0,43,56
2018-11-18,0,0,58,0.0,29,43,0,35,47
2018-11-19,76,0,78,0.0,35,26,0,48,0
2018-11-20,0,0,53,89.0,44,66,52,65,0
2018-11-21,0,0,44,0.0,53,67,0,33,43
2018-11-22,0,0,45,0.0,100,27,0,100,44
2018-11-23,86,0,71,0.0,70,30,0,0,0
2018-11-24,0,94,54,0.0,41,46,0,19,50
2018-11-25,0,0,74,0.0,82,68,0,50,0
2018-11-26,0,0,55,0.0,52,78,0,16,0
2018-11-27,76,0,69,0.0,88,27,52,65,0
2018-11-28,0,0,72,0.0,46,98,0,34,0
2018-11-29,0,0,41,0.0,58,29,0,18,0
2018-11-30,0,95,51,0.0,21,47,0,57,100
2018-12-01,0,0,56,94.0,63,19,100,0,0
2018-12-02,0,0,58,0.0,82,100,0,27,0
2018-12-03,0,0,47,0.0,37,15,0,86,0
2018-12-04,0,0,39,0.0,77,47,41,13,0
2018-12-05,50,0,28,0.0,38,47,41,0,41
2018-12-06,0,0,58,0.0,96,66,44,67,0
2018-12-07,0,0,55,0.0,48,20,0,16,0
2018-12-08,0,0,55,0.0,68,0,0,17,0
2018-12-09,0,0,71,0.0,43,88,46,29,0
2018-12-10,0,0,50,0.0,90,47,0,51,42
2018-12-11,0,0,51,0.0,52,64,0,39,0
2018-12-12,0,0,57,0.0,40,33,0,0,0
2018-12-13,55,0,46,0.0,100,70,0,42,0
2018-12-14,0,0,42,0.0,61,56,49,45,99
2018-12-15,0,0,69,0.0,34,41,54,67,0
2018-12-16,60,97,66,0.0,92,37,0,30,50
2018-12-17,100,0,31,0.0,39,47,0,38,0
2018-12-18,51,83,45,0.0,53,16,0,52,0
2018-12-19,53,0,56,0.0,68,17,44,13,0
2018-12-20,0,0,62,0.0,28,17,0,28,0
2018-12-21,0,0,82,0.0,16,19,51,16,52
2018-12-22,0,0,80,100.0,67,20,0,50,0
2018-12-23,0,0,100,0.0,31,38,0,0,100
2018-12-24,0,0,92,0.0,34,62,0,100,55
2018-12-25,0,0,35,0.0,68,21,0,34,0
2018-12-26,0,0,34,0.0,15,37,0,30,0
2018-12-27,0,0,34,91.0,61,56,49,60,0
2018-12-28,0,100,43,0.0,32,58,0,63,0
2018-12-29,64,0,37,0.0,17,61,0,33,0
2018-12-30,0,0,28,0.0,65,60,0,32,0
2018-12-31,0,0,35,0.0,69,42,0,85,0
2019-01-01,0,0,73,0.0,44,34,0,34,40
2019-01-02,0,0,60,0.0,52,32,0,16,0
2019-01-03,0,90,46,0.0,49,15,0,60,0
2019-01-04,0,0,33,0.0,21,16,100,65,0
2019-01-05,0,100,81,0.0,44,68,0,17,39
2019-01-06,0,0,31,0.0,40,31,95,15,0
2019-01-07,0,0,47,0.0,0,14,0,28,33
2019-01-08,0,0,55,94.0,19,44,0,43,0
2019-01-09,0,85,65,0.0,46,72,0,71,100
2019-01-10,0,0,73,0.0,94,72,0,100,0
2019-01-11,0,94,56,0.0,41,32,0,47,37
2019-01-12,0,0,54,0.0,32,100,0,0,39
2019-01-13,0,87,100,0.0,67,59,0,29,0
2019-01-14,0,0,34,0.0,89,27,0,27,32
2019-01-15,0,0,53,0.0,18,70,0,41,0
2019-01-16,0,0,32,0.0,9,14,0,0,0
2019-01-17,0,0,40,0.0,19,14,0,100,0
2019-01-18,0,0,54,100.0,100,31,0,0,0
2019-01-19,59,0,58,0.0,11,66,0,49,0
2019-01-20,0,0,51,0.0,85,15,0,29,0
2019-01-21,0,0,65,0.0,26,54,83,54,32
2019-01-22,49,0,51,88.0,35,14,0,0,0
2019-01-23,0,0,64,0.0,52,67,0,26,0
2019-01-24,100,0,56,0.0,54,56,0,55,0
2019-01-25,0,93,59,0.0,51,63,0,31,0
2019-01-26,0,100,72,0.0,22,34,0,17,39
2019-01-27,0,0,87,0.0,59,15,93,30,0
2019-01-28,0,83,39,91.0,64,14,0,14,66
2019-01-29,0,0,37,0.0,61,27,0,40,0
2019-01-30,0,82,45,0.0,36,28,85,14,0
2019-01-31,0,82,52,0.0,63,28,0,96,0
2019-02-01,0,0,78,0.0,24,13,0,33,0
2019-02-02,0,0,50,0.0,91,100,0,89,33
2019-02-03,0,100,74,0.0,58,63,100,31,44
2019-02-04,0,0,57,0.0,31,34,0,0,13
2019-02-05,0,0,53,0.0,55,48,0,30,14
2019-02-06,0,97,76,0.0,34,12,0,30,0
2019-02-07,95,0,72,0.0,75,82,46,58,27
2019-02-08,0,0,72,0.0,23,13,51,64,30
2019-02-09,0,0,63,0.0,65,14,57,53,0
2019-02-10,99,0,61,0.0,100,24,0,60,0
2019-02-11,0,0,43,0.0,82,23,0,56,39
2019-02-12,0,0,46,91.0,51,68,0,56,0
2019-02-13,0,0,70,0.0,72,79,0,42,0
2019-02-14,93,0,58,93.0,84,58,0,100,0
2019-02-15,0,0,76,0.0,82,26,51,64,0
2019-02-16,0,0,92,0.0,52,28,0,53,16
2019-02-17,0,0,40,0.0,79,25,49,0,0
2019-02-18,0,0,46,91.0,51,11,0,42,52
2019-02-19,93,0,68,0.0,84,34,45,28,40
2019-02-20,0,0,64,0.0,62,23,0,42,40
2019-02-21,0,0,43,0.0,21,34,0,0,26
2019-02-22,100,0,58,100.0,45,62,0,0,100
2019-02-23,0,0,67,0.0,49,13,0,33,31
2019-02-24,98,0,100,0.0,55,48,48,60,0
2019-02-25,0,0,40,0.0,52,80,45,42,40
2019-02-26,94,0,82,0.0,63,70,0,0,27
2019-02-27,0,0,73,0.0,93,45,45,28,26
2019-02-28,0,0,44,0.0,42,0,0,72,94
2019-03-01,0,0,33,100.0,40,39,0,39,23
2019-03-02,0,0,47,0.0,32,70,0,64,49
2019-03-03,0,0,51,0.0,56,37,0,37,21
2019-03-04,100,0,78,0.0,43,90,0,51,39
2019-03-05,0,48,80,0.0,17,66,0,50,78
2019-03-06,0,0,34,0.0,34,34,0,17,98
2019-03-07,0,0,43,85.0,42,100,0,50,0
2019-03-08,0,0,69,0.0,0,37,0,37,22
2019-03-09,0,0,46,0.0,74,28,0,0,24
2019-03-10,0,0,100,0.0,37,36,0,18,42
2019-03-11,0,0,49,0.0,42,55,0,100,19
2019-03-12,0,49,47,86.0,43,67,0,50,0
2019-03-13,0,95,52,0.0,58,76,0,66,0
2019-03-14,66,0,41,0.0,34,22,0,17,39
2019-03-15,0,0,52,0.0,17,33,0,0,57
2019-03-16,0,0,54,0.0,63,28,0,42,24
2019-03-17,0,0,64,0.0,65,85,0,0,21
2019-03-18,0,49,47,0.0,68,22,0,17,20
2019-03-19,0,0,24,0.0,17,44,79,99,38
2019-03-20,0,49,72,0.0,51,67,0,67,0
2019-03-21,34,0,44,0.0,17,68,82,17,40
2019-03-22,39,0,47,0.0,50,39,0,59,23
2019-03-23,0,0,62,0.0,42,69,100,21,0
2019-03-24,65,0,86,0.0,42,77,0,17,0
2019-03-25,0,0,58,0.0,42,65,0,16,19
2019-03-26,0,0,52,0.0,100,55,0,33,38
2019-03-27,65,0,40,0.0,59,33,79,66,0
2019-03-28,0,0,89,0.0,87,23,0,86,100
2019-03-29,0,0,47,0.0,40,52,0,39,0
2019-03-30,0,0,68,0.0,65,29,0,64,100
2019-03-31,0,100,93,0.0,18,57,83,17,0
2019-04-01,42,43,56,0.0,63,91,0,84,0
2019-04-02,0,0,34,0.0,33,54,0,66,34
2019-04-03,90,0,33,0.0,59,28,0,45,0
2019-04-04,0,0,35,0.0,42,69,0,67,52
2019-04-05,0,0,65,0.0,47,16,0,25,39
2019-04-06,0,0,55,0.0,41,0,0,82,21
2019-04-07,48,100,62,0.0,100,75,84,49,19
2019-04-08,44,0,37,0.0,16,54,0,44,17
2019-04-09,88,0,37,0.0,25,41,76,44,34
2019-04-10,0,0,57,94.0,40,78,73,64,33
2019-04-11,0,0,46,0.0,32,40,0,65,100
2019-04-12,100,0,70,0.0,38,0,0,76,19
2019-04-13,0,60,71,0.0,54,0,100,29,0
2019-04-14,0,52,56,0.0,57,62,0,0,20
2019-04-15,0,0,63,0.0,44,14,0,47,18
2019-04-16,0,0,59,0.0,27,15,0,24,56
2019-04-17,0,49,48,0.0,9,30,0,72,0
2019-04-18,52,0,76,0.0,29,81,0,26,0
2019-04-19,0,57,74,0.0,21,85,0,28,0
2019-04-20,0,0,100,0.0,42,52,0,84,0
2019-04-21,0,0,69,0.0,38,32,0,77,0
2019-04-22,97,0,73,0.0,55,15,0,0,0
2019-04-23,0,48,62,0.0,78,100,0,70,18
2019-04-24,48,99,64,0.0,54,59,0,96,0
2019-04-25,0,0,60,0.0,46,60,0,49,0
2019-04-26,0,0,45,0.0,47,62,0,100,0
2019-04-27,0,0,47,0.0,50,16,91,80,21
2019-04-28,90,0,61,0.0,42,98,0,91,0
2019-04-29,0,0,41,0.0,56,66,0,43,17
2019-04-30,0,0,40,100.0,50,97,0,45,17
2019-05-01,0,0,56,0.0,47,81,0,15,0
2019-05-02,49,0,41,0.0,32,47,0,45,64
2019-05-03,0,100,86,93.0,36,26,0,100,36
2019-05-04,0,0,71,0.0,10,28,0,54,0
2019-05-05,0,0,51,0.0,33,49,0,31,100
2019-05-06,0,0,44,0.0,53,33,48,14,0
2019-05-07,0,0,47,0.0,100,45,49,14,62
2019-05-08,47,0,54,0.0,30,34,48,57,0
2019-05-09,0,0,41,0.0,68,33,0,28,0
2019-05-10,0,0,31,0.0,52,0,55,16,35
2019-05-11,0,0,100,0.0,28,0,0,88,0
2019-05-12,0,0,71,0.0,63,58,100,30,0
2019-05-13,0,0,56,0.0,53,34,0,0,0
2019-05-14,0,0,54,0.0,30,89,0,57,30
2019-05-15,0,0,37,0.0,38,67,0,57,0
2019-05-16,0,0,54,0.0,31,56,0,0,0
2019-05-17,0,0,40,0.0,62,26,0,50,0
2019-05-18,0,0,56,100.0,86,28,61,36,0
2019-05-19,0,91,39,0.0,32,84,0,0,0
2019-05-20,94,0,27,79.0,38,22,0,0,0
2019-05-21,0,0,36,0.0,82,55,0,0,0
2019-05-22,0,85,54,0.0,60,100,0,28,0
2019-05-23,0,86,47,0.0,54,79,0,14,0
2019-05-24,54,0,70,0.0,35,38,0,49,0
2019-05-25,0,0,81,0.0,48,28,0,54,0
2019-05-26,51,92,34,0.0,58,60,52,15,0
2019-05-27,0,0,35,0.0,36,53,0,67,0
2019-05-28,0,85,39,0.0,60,33,0,28,0
2019-05-29,0,0,53,78.0,60,44,47,42,30
2019-05-30,45,0,49,0.0,7,64,0,27,0
2019-05-31,100,0,47,0.0,56,24,0,45,0
2019-06-01,0,0,87,0.0,12,12,56,53,97
2019-06-02,57,0,78,92.0,57,58,0,26,95
2019-06-03,0,0,69,0.0,74,86,0,24,0
2019-06-04,0,0,62,75.0,66,67,0,42,0
2019-06-05,0,0,58,0.0,37,75,0,42,0
2019-06-06,97,0,64,0.0,98,30,0,66,0
2019-06-07,55,0,85,88.0,66,45,52,99,0
2019-06-08,0,0,100,0.0,60,49,0,54,100
2019-06-09,0,54,93,0.0,54,65,0,97,0
2019-06-10,0,0,58,0.0,87,49,0,0,0
2019-06-11,0,0,41,78.0,59,30,46,22,81
2019-06-12,0,49,43,77.0,58,49,0,43,0
2019-06-13,0,0,73,0.0,59,90,0,66,0
2019-06-14,0,56,85,0.0,55,33,0,25,91
2019-06-15,0,0,78,0.0,48,24,0,0,0
2019-06-16,0,53,66,0.0,74,85,100,47,0
2019-06-17,0,100,64,0.0,49,30,47,67,0
2019-06-18,0,50,65,79.0,79,100,0,22,0
2019-06-19,0,0,66,0.0,81,51,0,46,0
2019-06-20,0,0,82,0.0,40,30,0,45,82
2019-06-21,0,0,54,0.0,68,34,0,51,0
2019-06-22,0,0,63,100.0,50,51,0,84,0
2019-06-23,53,0,70,0.0,75,86,51,96,0
2019-06-24,49,0,53,0.0,60,80,0,67,0
2019-06-25,0,51,45,0.0,81,72,0,45,84
2019-06-26,0,0,50,80.0,70,40,0,90,0
2019-06-27,100,51,57,0.0,50,41,0,45,84
2019-06-28,0,61,96,0.0,48,73,0,0,0
2019-06-29,0,0,86,0.0,0,38,0,57,0
2019-06-30,0,0,76,0.0,100,56,0,100,0
2019-07-01,0,0,58,0.0,53,57,0,34,48
2019-07-02,0,0,89,79.0,52,56,46,17,0
2019-07-03,58,0,55,0.0,70,18,45,32,0
2019-07-04,31,0,62,0.0,32,39,0,69,0
2019-07-05,0,0,53,0.0,74,33,0,99,0
2019-07-06,0,0,86,0.0,67,48,0,64,0
2019-07-07,0,0,82,0.0,49,44,0,78,0
2019-07-08,33,0,66,87.0,23,51,0,0,0
2019-07-09,0,0,65,0.0,89,71,100,71,51
2019-07-10,0,0,74,0.0,44,99,49,53,0
2019-07-11,0,0,70,0.0,69,73,0,18,0
2019-07-12,0,0,59,0.0,24,43,0,38,0
2019-07-13,0,0,100,100.0,26,35,59,21,59
2019-07-14,0,0,64,0.0,66,20,0,88,100
2019-07-15,0,0,48,0.0,89,50,0,18,0
2019-07-16,32,0,67,0.0,33,30,0,70,99
2019-07-17,0,46,65,0.0,56,51,0,18,0
2019-07-18,100,0,66,0.0,91,41,0,0,0
2019-07-19,35,100,63,0.0,60,66,54,19,55
2019-07-20,38,54,72,0.0,13,59,58,42,0
2019-07-21,34,0,36,0.0,70,11,0,19,53
2019-07-22,0,0,58,0.0,88,100,0,53,50
2019-07-23,0,0,64,0.0,44,59,0,35,50
2019-07-24,0,45,54,0.0,77,49,0,35,50
2019-07-25,0,46,61,85.0,67,10,50,36,0
2019-07-26,36,52,77,0.0,100,34,56,100,0
2019-07-27,0,56,91,0.0,95,37,0,22,0
2019-07-28,0,96,93,0.0,23,42,0,0,0
2019-07-29,31,0,59,0.0,75,19,0,34,0
2019-07-30,31,0,92,0.0,43,48,48,34,49
2019-07-31,31,0,96,0.0,65,68,48,0,0
2019-08-01,0,0,33,0.0,59,54,0,34,0
2019-08-02,48,39,71,0.0,43,71,100,38,50
2019-08-03,51,0,72,0.0,58,63,0,100,0
2019-08-04,0,0,54,0.0,71,89,0,18,46
2019-08-05,0,0,73,0.0,28,52,0,49,0
2019-08-06,0,0,49,96.0,77,42,0,0,88
2019-08-07,85,34,37,0.0,38,53,88,67,0
2019-08-08,0,34,50,0.0,85,52,0,33,0
2019-08-09,0,0,48,0.0,63,81,0,18,0
2019-08-10,0,0,71,0.0,44,36,0,57,100
2019-08-11,0,36,41,100.0,100,55,0,70,0
2019-08-12,0,0,50,0.0,82,100,0,63,0
2019-08-13,41,0,55,0.0,82,50,42,48,0
2019-08-14,41,0,47,0.0,64,81,0,64,0
2019-08-15,0,0,58,0.0,56,61,0,0,0
2019-08-16,47,0,53,0.0,21,69,0,55,0
2019-08-17,100,0,100,0.0,45,37,0,0,0
2019-08-18,0,0,52,0.0,51,56,0,54,47
2019-08-19,82,0,62,0.0,83,61,0,32,0
2019-08-20,83,0,58,0.0,65,51,0,0,43
2019-08-21,0,0,47,93.0,56,72,0,16,0
2019-08-22,0,100,43,0.0,19,92,43,32,0
2019-08-23,0,0,39,0.0,64,23,0,19,0
2019-08-24,0,0,71,0.0,12,65,0,0,0
2019-08-25,45,0,60,0.0,90,44,0,52,0
2019-08-26,40,0,35,0.0,81,50,83,0,41
2019-08-27,84,0,52,0.0,75,52,0,49,0
2019-08-28,42,0,34,95.0,19,63,0,50,0
2019-08-29,42,34,48,0.0,47,31,87,50,0
2019-08-30,0,38,59,0.0,42,46,0,18,0
2019-08-31,0,0,49,0.0,83,39,0,21,0
2019-09-01,0,60,100,100.0,12,47,0,21,50
2019-09-02,49,53,69,0.0,66,41,0,19,0
2019-09-03,47,0,57,0.0,63,16,85,18,42
2019-09-04,93,100,53,0.0,72,16,0,88,42
2019-09-05,0,52,52,0.0,53,64,86,37,0
2019-09-06,0,0,76,0.0,24,100,0,41,0
2019-09-07,0,0,91,0.0,66,30,0,22,0
2019-09-08,0,55,72,0.0,80,52,92,20,0
2019-09-09,47,0,60,0.0,62,16,0,71,42
2019-09-10,0,52,65,0.0,75,64,86,55,0
2019-09-11,49,0,79,0.0,55,66,0,0,0
2019-09-12,0,0,66,88.0,77,33,0,19,0
2019-09-13,0,0,55,97.0,60,45,0,61,0
2019-09-14,0,64,87,0.0,39,49,0,90,0
2019-09-15,0,58,96,0.0,71,36,96,41,0
2019-09-16,0,0,81,0.0,32,73,87,55,44
2019-09-17,0,0,56,0.0,86,49,87,55,44
2019-09-18,100,0,74,0.0,100,25,0,19,45
2019-09-19,0,0,72,0.0,79,43,0,77,46
2019-09-20,0,60,61,0.0,37,28,100,21,100
2019-09-21,0,64,46,0.0,13,20,0,45,0
2019-09-22,53,0,61,0.0,94,44,95,100,0
2019-09-23,0,0,57,0.0,73,63,0,36,0
2019-09-24,47,0,84,84.0,73,16,0,18,0
2019-09-25,0,0,65,0.0,52,39,0,70,0
2019-09-26,0,54,51,0.0,55,42,0,94,0
2019-09-27,0,0,72,0.0,87,38,0,43,50
2019-09-28,0,0,82,0.0,13,29,0,0,0
2019-09-29,0,0,47,0.0,70,35,0,100,0
2019-09-30,48,52,71,0.0,65,24,87,37,43
2019-10-01,0,0,75,0.0,27,47,0,38,0
2019-10-02,0,81,33,0.0,18,57,100,18,51
2019-10-03,48,0,58,0.0,95,25,54,40,56
2019-10-04,52,0,73,100.0,31,54,0,43,0
2019-10-05,0,0,64,0.0,74,27,0,0,0
2019-10-06,0,0,55,92.0,38,100,0,20,0
2019-10-07,91,0,58,87.0,18,71,0,19,0
2019-10-08,0,85,38,0.0,55,48,0,96,0
2019-10-09,0,0,47,0.0,27,36,0,19,0
2019-10-10,0,0,75,0.0,64,12,0,38,0
2019-10-11,0,0,78,0.0,78,51,0,61,0
2019-10-12,53,0,63,0.0,73,41,0,22,0
2019-10-13,45,0,55,0.0,81,71,0,38,0
2019-10-14,0,77,61,79.0,50,65,0,69,0
2019-10-15,0,0,67,0.0,42,44,48,53,0
2019-10-16,0,0,57,82.0,17,55,97,18,100
2019-10-17,45,82,48,0.0,36,58,0,37,0
2019-10-18,0,0,51,0.0,100,65,0,0,59
2019-10-19,100,92,89,0.0,70,65,0,41,0
2019-10-20,45,0,51,0.0,36,46,0,56,52
2019-10-21,0,0,43,82.0,17,67,0,53,50
2019-10-22,0,0,38,0.0,48,62,0,100,0
2019-10-23,43,0,38,0.0,43,44,0,53,0
2019-10-24,45,0,56,0.0,71,81,0,37,0
2019-10-25,0,0,83,0.0,63,68,0,0,0
2019-10-26,54,100,100,0.0,22,28,0,68,64
2019-10-27,52,0,50,0.0,31,54,0,0,0
2019-10-28,0,86,47,0.0,65,24,0,58,0
2019-10-29,0,0,47,0.0,35,11,0,0,52
2019-10-30,0,0,76,0.0,35,46,50,37,52
2019-10-31,47,0,54,0.0,38,37,0,39,0
2019-11-01,91,0,52,0.0,22,54,0,20,100
2019-11-02,100,0,81,0.0,48,44,0,65,55
2019-11-03,0,0,46,0.0,63,78,53,19,0
2019-11-04,0,0,85,0.0,97,83,0,87,0
2019-11-05,0,0,68,0.0,10,58,0,17,0
2019-11-06,79,52,61,85.0,57,58,0,17,0
2019-11-07,81,0,62,0.0,68,71,0,0,0
2019-11-08,91,0,66,0.0,44,27,0,40,0
2019-11-09,93,0,75,0.0,100,54,55,60,0
2019-11-10,0,0,73,0.0,75,35,0,34,0
2019-11-11,0,0,90,0.0,28,56,0,100,0
2019-11-12,0,0,46,0.0,58,71,0,35,0
2019-11-13,0,51,76,84.0,47,23,0,0,0
2019-11-14,81,0,72,0.0,48,12,0,18,0
2019-11-15,92,0,78,0.0,55,40,0,20,0
2019-11-16,0,0,96,0.0,71,72,0,86,0
2019-11-17,0,55,57,0.0,50,73,100,54,0
2019-11-18,77,100,74,0.0,55,45,0,0,0
2019-11-19,0,0,51,85.0,57,58,47,52,43
2019-11-20,81,0,75,0.0,39,83,0,53,0
2019-11-21,0,0,100,91.0,61,100,0,18,47
2019-11-22,0,0,87,100.0,45,27,56,20,0
2019-11-23,0,0,91,0.0,61,15,0,22,0
2019-11-24,86,0,87,0.0,51,38,0,37,0
2019-11-25,0,0,65,0.0,58,47,48,87,0
2019-11-26,0,0,55,0.0,10,35,0,70,0
2019-11-27,0,0,45,0.0,67,82,0,17,44
2019-11-28,81,53,65,0.0,77,47,0,35,0
2019-11-29,0,59,59,0.0,65,40,0,0,0
2019-11-30,0,0,65,0.0,36,15,60,65,55
2019-12-01,0,0,34,84.0,18,43,0,15,0
2019-12-02,0,0,39,0.0,57,13,0,14,0
2019-12-03,0,0,44,0.0,34,82,47,70,0
2019-12-04,48,0,46,83.0,70,56,0,29,0
2019-12-05,0,0,44,87.0,18,15,51,31,83
2019-12-06,0,0,33,0.0,59,64,55,100,0
2019-12-07,0,0,38,0.0,53,68,0,71,0
2019-12-08,100,0,44,0.0,46,30,0,0,0
2019-12-09,0,0,36,0.0,42,27,0,28,0
2019-12-10,50,0,48,0.0,100,74,0,31,0
2019-12-11,0,0,45,86.0,54,15,100,45,0
2019-12-12,49,0,30,0.0,18,15,0,15,0
2019-12-13,54,0,37,0.0,49,16,0,33,0
2019-12-14,57,0,55,100.0,94,51,58,53,95
2019-12-15,0,0,67,0.0,36,74,0,61,0
2019-12-16,46,0,56,0.0,25,54,46,28,75
2019-12-17,0,0,57,0.0,75,40,0,14,75
2019-12-18,0,0,45,0.0,18,29,0,30,0
2019-12-19,0,47,50,0.0,27,59,0,31,82
2019-12-20,0,0,61,0.0,51,100,0,86,93
2019-12-21,0,0,100,0.0,33,18,0,74,0
2019-12-22,0,0,70,0.0,20,33,0,34,0
2019-12-23,0,48,69,0.0,47,61,0,47,84
2019-12-24,0,0,92,0.0,44,36,0,74,0
2019-12-25,0,58,35,0.0,23,18,0,76,0
2019-12-26,53,100,16,0.0,48,47,0,16,0
2019-12-27,0,0,50,96.0,60,98,0,51,0
2019-12-28,0,54,25,100.0,52,34,0,53,0
2019-12-29,54,0,31,0.0,30,16,0,33,0
2019-12-30,0,0,39,93.0,58,47,0,0,88
2019-12-31,0,0,21,0.0,11,54,0,37,100
2020-01-01,38,0,49,0.0,63,61,0,99,0
2020-01-02,0,0,98,0.0,58,57,0,55,54
2020-01-03,35,51,82,0.0,50,95,49,37,0
2020-01-04,0,0,89,0.0,17,78,0,57,0
2020-01-05,0,0,94,0.0,23,52,0,67,0
2020-01-06,31,45,61,0.0,58,100,0,48,0
2020-01-07,0,0,71,0.0,68,52,0,100,0
2020-01-08,64,0,67,0.0,8,86,0,0,0
2020-01-09,100,0,93,0.0,93,89,0,17,0
2020-01-10,36,0,71,0.0,50,38,100,37,0
2020-01-11,38,55,57,0.0,9,0,53,59,0
2020-01-12,33,0,73,0.0,38,35,0,85,0
2020-01-13,0,0,62,0.0,42,32,0,31,46
2020-01-14,0,40,42,0.0,20,45,0,43,0
2020-01-15,31,0,64,0.0,29,0,0,16,0
2020-01-16,0,0,72,0.0,30,69,0,50,100
2020-01-17,36,0,100,0.0,8,19,50,37,0
2020-01-18,0,0,68,100.0,27,63,0,61,0
2020-01-19,0,0,66,86.0,24,0,0,52,0
2020-01-20,0,0,63,0.0,82,51,0,50,0
2020-01-21,0,0,91,0.0,37,67,44,0,0
2020-01-22,32,0,51,0.0,52,68,0,49,0
2020-01-23,0,0,70,0.0,30,51,44,16,0
2020-01-24,0,0,89,0.0,16,19,0,18,0
2020-01-25,38,55,84,0.0,27,20,0,0,0
2020-01-26,0,0,51,0.0,16,54,0,87,52
2020-01-27,31,0,50,0.0,29,49,43,0,0
2020-01-28,0,0,60,0.0,100,49,0,32,0
2020-01-29,0,0,43,0.0,43,82,0,32,47
2020-01-30,0,0,43,80.0,44,33,0,48,0
2020-01-31,0,100,80,0.0,32,74,0,36,53
2020-02-01,0,100,50,0.0,53,76,0,41,0
2020-02-02,52,0,53,0.0,9,56,98,54,0
2020-02-03,47,79,48,0.0,41,60,0,32,44
2020-02-04,0,0,39,0.0,43,63,0,34,0
2020-02-05,54,0,51,0.0,38,11,0,92,0
2020-02-06,54,0,39,0.0,47,23,100,18,100
2020-02-07,0,96,55,0.0,41,49,0,20,0
2020-02-08,60,0,100,0.0,10,76,0,20,0
2020-02-09,0,0,64,100.0,48,46,0,56,0
2020-02-10,0,0,55,0.0,26,52,0,67,46
2020-02-11,48,80,59,0.0,42,20,90,83,0
2020-02-12,0,82,69,0.0,77,21,91,34,46
2020-02-13,0,82,72,0.0,61,31,92,85,0
2020-02-14,0,0,49,0.0,29,70,0,19,0
2020-02-15,58,96,55,0.0,51,37,0,99,0
2020-02-16,0,83,67,0.0,96,32,93,34,0
2020-02-17,48,79,48,0.0,100,71,0,82,0
2020-02-18,0,0,50,0.0,50,20,88,49,0
2020-02-19,46,0,60,0.0,49,20,0,0,0
2020-02-20,0,0,62,0.0,59,41,0,100,45
2020-02-21,0,0,35,0.0,55,66,0,89,0
2020-02-22,0,0,61,0.0,77,47,0,0,51
2020-02-23,100,83,42,0.0,35,42,0,0,47
2020-02-24,47,0,53,86.0,58,100,0,0,0
2020-02-25,0,0,45,87.0,17,50,0,33,0
2020-02-26,0,0,41,84.0,81,49,0,63,43
2020-02-27,0,0,68,85.0,16,40,87,80,0
2020-02-28,52,0,44,0.0,55,55,0,36,0
2020-02-29,0,0,59,0.0,39,23,0,57,51
2020-03-01,0,0,34,0.0,66,39,0,15,90
2020-03-02,50,0,23,0.0,61,64,0,0,0
2020-03-03,0,0,35,0.0,37,46,0,41,84
2020-03-04,45,0,54,0.0,49,49,0,86,0
2020-03-05,0,0,33,100.0,48,32,0,24,0
2020-03-06,0,100,60,0.0,100,75,0,64,49
2020-03-07,0,0,31,0.0,22,43,0,0,0
2020-03-08,0,91,34,0.0,39,78,99,15,0
2020-03-09,0,85,30,0.0,54,45,92,0,41
2020-03-10,100,0,45,0.0,55,18,93,27,0
2020-03-11,0,0,34,0.0,69,56,95,0,0
2020-03-12,0,0,50,0.0,45,67,0,100,0
2020-03-13,60,0,52,0.0,66,44,0,66,100
2020-03-14,0,0,49,0.0,0,23,0,35,0
2020-03-15,0,0,38,0.0,33,30,100,74,0
2020-03-16,0,0,27,0.0,24,89,90,27,0
2020-03-17,50,0,48,0.0,30,100,92,0,0
2020-03-18,49,0,36,0.0,36,54,91,27,41
2020-03-19,0,0,18,0.0,36,62,0,13,81
2020-03-20,0,93,29,0.0,40,59,0,30,0
2020-03-21,57,0,41,0.0,35,62,0,31,0
2020-03-22,49,0,41,0.0,48,71,91,54,0
2020-03-23,0,0,20,0.0,15,38,78,23,0
2020-03-24,0,0,34,54.0,17,60,0,13,0
2020-03-25,0,0,48,0.0,30,27,0,54,83
2020-03-26,0,0,67,0.0,31,37,0,55,0
2020-03-27,0,0,63,0.0,32,58,0,29,0
2020-03-28,0,0,100,0.0,42,31,0,47,0
2020-03-29,0,0,93,0.0,19,39,0,14,0
2020-03-30,0,0,72,0.0,25,82,0,55,0
2020-03-31,50,0,76,57.0,18,55,0,27,42
2020-04-01,49,0,41,0.0,51,100,76,35,49
2020-04-02,0,88,53,0.0,100,0,37,17,0
2020-04-03,0,0,82,0.0,53,72,40,73,0
2020-04-04,0,0,90,0.0,67,25,0,0,0
2020-04-05,100,0,84,0.0,52,94,0,18,50
2020-04-06,0,0,55,0.0,39,36,36,49,46
2020-04-07,0,0,67,0.0,29,7,0,17,46
2020-04-08,0,0,65,0.0,86,14,0,65,0
2020-04-09,0,0,79,0.0,51,46,0,70,49
2020-04-10,0,100,82,0.0,57,43,42,77,0
2020-04-11,0,0,89,0.0,66,67,41,94,53
2020-04-12,0,0,89,0.0,73,55,0,36,0
2020-04-13,48,0,100,0.0,60,45,0,0,0
2020-04-14,45,0,73,100.0,74,49,0,32,0
2020-04-15,0,0,45,0.0,36,61,34,46,0
2020-04-16,86,79,56,0.0,62,40,100,15,0
2020-04-17,0,0,69,0.0,29,73,0,100,46
2020-04-18,0,0,73,0.0,84,16,0,36,100
2020-04-19,0,85,56,0.0,48,36,0,49,46
2020-04-20,0,0,53,0.0,44,40,0,60,42
2020-04-21,44,0,37,0.0,64,76,0,62,87
2020-04-22,0,0,48,0.0,65,56,0,47,88
2020-04-23,0,0,71,0.0,35,53,0,15,0
2020-04-24,0,0,54,0.0,69,22,37,100,47
2020-04-25,51,0,80,0.0,53,56,0,36,0
2020-04-26,0,0,74,0.0,21,23,0,18,49
2020-04-27,0,84,56,0.0,57,50,0,64,0
2020-04-28,87,0,37,0.0,36,61,0,46,0
2020-04-29,43,79,49,0.0,54,54,0,76,42
2020-04-30,41,0,49,0.0,68,26,0,43,40
2020-05-01,0,56,65,0.0,46,55,0,85,46
2020-05-02,57,0,87,0.0,38,57,50,70,0
2020-05-03,0,0,71,0.0,68,44,0,47,43
2020-05-04,0,96,74,0.0,40,27,43,15,0
2020-05-05,0,0,71,0.0,96,55,0,30,0
2020-05-06,100,100,71,0.0,50,14,44,15,0
2020-05-07,0,50,74,90.0,67,7,0,31,42
2020-05-08,56,0,74,0.0,84,64,100,35,0
2020-05-09,0,0,100,0.0,30,9,0,55,0
2020-05-10,0,55,57,0.0,73,39,49,34,0
2020-05-11,0,49,62,0.0,73,21,87,45,0
2020-05-12,0,0,51,0.0,84,36,0,0,0
2020-05-13,0,52,53,0.0,52,37,0,64,44
2020-05-14,0,0,53,0.0,99,100,48,83,90
2020-05-15,0,0,66,0.0,61,44,0,75,51
2020-05-16,0,0,72,0.0,56,29,0,62,0
2020-05-17,0,60,40,0.0,70,60,0,55,100
2020-05-18,0,0,41,0.0,64,63,0,34,0
2020-05-19,0,0,52,0.0,36,39,0,100,0
2020-05-20,0,0,56,0.0,45,31,0,33,45
2020-05-21,0,0,55,100.0,65,32,50,17,47
2020-05-22,0,0,34,0.0,71,35,0,19,0
2020-05-23,0,0,47,0.0,100,38,0,21,0
2020-05-24,0,0,71,0.0,37,55,0,51,0
2020-05-25,51,0,39,0.0,51,37,0,47,0
2020-05-26,0,51,44,0.0,68,37,91,47,86
2020-05-27,0,0,45,0.0,86,30,0,16,0
2020-05-28,0,0,43,0.0,90,46,0,50,0
2020-05-29,0,0,30,0.0,41,52,0,0,0
2020-05-30,66,0,73,0.0,66,28,0,0,0
2020-05-31,0,0,57,0.0,21,53,0,76,0
2020-06-01,0,0,100,0.0,69,36,100,0,0
2020-06-02,100,0,53,0.0,82,28,0,27,0
2020-06-03,48,0,69,0.0,85,34,47,78,0
2020-06-04,0,0,49,0.0,70,53,0,64,0
2020-06-05,0,55,68,0.0,48,100,0,44,0
2020-06-06,0,0,88,0.0,73,26,60,100,0
2020-06-07,54,0,87,0.0,65,54,0,30,0
2020-06-08,48,0,52,0.0,71,68,0,13,31
2020-06-09,0,0,76,0.0,100,68,0,26,0
2020-06-10,50,51,68,0.0,97,57,49,14,0
2020-06-11,0,50,77,0.0,30,49,0,41,0
2020-06-12,0,0,75,0.0,60,82,0,0,0
2020-06-13,0,0,70,0.0,57,64,0,35,0
2020-06-14,0,0,58,0.0,66,63,0,30,0
2020-06-15,0,0,70,0.0,82,64,0,14,0
2020-06-16,49,0,74,0.0,81,77,48,40,0
2020-06-17,99,0,62,0.0,59,56,0,0,32
2020-06-18,0,0,81,0.0,59,28,0,13,0
2020-06-19,56,0,73,0.0,42,16,0,31,0
2020-06-20,0,0,98,0.0,46,43,0,100,0
2020-06-21,0,0,86,0.0,66,71,0,15,0
2020-06-22,0,100,54,0.0,89,77,48,13,0
2020-06-23,50,0,62,0.0,37,57,0,81,0
2020-06-24,0,0,63,100.0,67,57,0,41,32
2020-06-25,0,0,76,0.0,38,43,0,14,0
2020-06-26,0,0,76,0.0,42,24,0,31,0
2020-06-27,0,0,86,0.0,37,26,0,17,0
2020-06-28,0,55,95,0.0,97,46,0,44,35
2020-06-29,0,51,63,0.0,60,50,0,55,32
2020-06-30,52,53,62,0.0,85,37,51,14,100
2020-07-01,0,0,67,0.0,57,68,0,63,0
2020-07-02,0,0,77,0.0,22,41,41,64,0
2020-07-03,58,59,98,0.0,50,80,0,0,0
2020-07-04,0,0,88,0.0,88,17,100,26,0
2020-07-05,0,0,93,0.0,54,29,0,23,12
2020-07-06,0,0,87,0.0,51,55,0,64,11
2020-07-07,50,51,46,0.0,44,14,0,43,0
2020-07-08,51,52,64,0.0,52,99,42,65,0
2020-07-09,0,0,75,0.0,78,59,0,46,12
2020-07-10,0,0,90,51.0,51,32,0,100,13
2020-07-11,62,0,63,55.0,63,34,51,27,100
2020-07-12,0,0,100,0.0,49,15,0,24,0
2020-07-13,0,0,54,0.0,59,70,42,43,12
2020-07-14,0,52,71,45.0,66,42,0,22,0
2020-07-15,51,52,52,0.0,52,70,0,22,0
2020-07-16,52,0,65,0.0,67,100,42,44,0
2020-07-17,0,57,65,0.0,40,92,0,48,0
2020-07-18,0,0,79,0.0,61,50,0,26,0
2020-07-19,0,0,72,0.0,40,30,0,47,0
2020-07-20,48,0,51,0.0,55,79,39,21,0
2020-07-21,48,0,39,42.0,42,40,0,21,0
2020-07-22,48,0,46,0.0,56,53,0,0,11
2020-07-23,100,0,91,0.0,43,69,0,21,11
2020-07-24,0,0,51,0.0,42,80,0,0,0
2020-07-25,0,64,83,0.0,55,17,0,81,0
2020-07-26,0,0,90,0.0,65,78,93,24,0
2020-07-27,0,0,52,0.0,100,54,0,42,0
2020-07-28,49,100,40,43.0,57,41,0,0,0
2020-07-29,0,0,53,0.0,65,83,0,21,23
2020-07-30,0,0,60,0.0,51,55,41,21,23
2020-07-31,0,0,55,100.0,66,47,0,0,0
2020-08-01,57,0,91,0.0,38,23,0,57,54
2020-08-02,100,0,77,52.0,100,0,0,100,94
2020-08-03,46,0,47,48.0,38,56,0,15,43
2020-08-04,0,0,48,48.0,62,47,0,92,44
2020-08-05,0,86,55,0.0,53,56,0,15,0
2020-08-06,0,86,39,0.0,68,9,88,30,43
2020-08-07,0,0,47,0.0,51,42,0,69,0
2020-08-08,57,0,89,0.0,48,35,0,19,0
2020-08-09,52,98,95,0.0,43,53,100,69,0
2020-08-10,45,85,70,0.0,53,46,0,30,0
2020-08-11,41,0,47,43.0,28,60,0,28,0
2020-08-12,0,0,45,46.0,37,36,0,0,0
2020-08-13,44,0,50,46.0,22,36,0,0,42
2020-08-14,0,0,65,52.0,83,61,0,50,47
2020-08-15,0,0,98,0.0,36,66,0,18,0
2020-08-16,98,0,98,0.0,73,60,0,33,0
2020-08-17,0,83,88,0.0,44,18,0,15,0
2020-08-18,43,81,51,0.0,57,79,0,14,0
2020-08-19,42,0,74,87.0,42,26,0,56,0
2020-08-20,43,0,81,45.0,64,80,0,14,41
2020-08-21,0,91,74,100.0,64,49,0,32,0
2020-08-22,0,100,100,55.0,71,44,0,53,100
2020-08-23,91,0,88,47.0,60,74,0,45,0
2020-08-24,0,0,60,0.0,63,52,81,42,0
2020-08-25,43,81,80,0.0,43,61,0,43,0
2020-08-26,0,83,85,0.0,29,18,0,15,0
2020-08-27,44,0,65,0.0,88,54,0,73,41
2020-08-28,0,0,88,53.0,34,42,0,51,0
2020-08-29,0,0,76,0.0,18,22,0,35,0
2020-08-30,0,0,75,51.0,49,100,0,65,0
2020-08-31,0,0,75,45.0,73,45,85,15,41
2020-09-01,24,75,61,84.0,53,68,32,0,0
2020-09-02,100,78,61,0.0,55,30,33,18,38
2020-09-03,51,80,46,0.0,32,52,0,37,0
2020-09-04,0,0,63,100.0,63,12,0,42,0
2020-09-05,30,0,100,0.0,76,37,0,66,0
2020-09-06,0,0,51,0.0,60,66,0,40,0
2020-09-07,25,0,40,44.0,63,81,0,37,0
2020-09-08,26,0,46,45.0,48,73,0,0,0
2020-09-09,26,80,63,0.0,65,21,34,38,0
2020-09-10,26,80,37,45.0,64,42,0,37,0
2020-09-11,0,0,52,51.0,56,36,77,0,0
2020-09-12,66,0,61,0.0,72,53,0,24,100
2020-09-13,27,0,56,48.0,69,78,0,100,0
2020-09-14,25,0,38,86.0,62,100,0,0,0
2020-09-15,0,0,57,0.0,39,61,0,0,0
2020-09-16,0,0,45,0.0,48,93,0,19,0
2020-09-17,0,0,54,0.0,72,82,67,37,38
2020-09-18,0,0,66,0.0,64,47,0,63,0
2020-09-19,0,0,61,0.0,62,53,0,24,0
2020-09-20,0,0,49,50.0,90,47,0,0,0
2020-09-21,0,79,45,0.0,40,61,33,18,38
2020-09-22,51,0,34,44.0,32,72,67,74,0
2020-09-23,0,79,41,0.0,48,21,100,19,39
2020-09-24,26,0,35,0.0,49,42,34,56,0
2020-09-25,64,100,57,56.0,20,52,0,94,0
2020-09-26,0,0,55,0.0,31,39,43,0,49
2020-09-27,0,0,69,51.0,73,82,38,42,0
2020-09-28,28,0,80,0.0,61,23,0,20,42
2020-09-29,0,90,42,0.0,100,35,0,85,44
2020-09-30,30,0,51,0.0,67,37,40,44,46
2020-10-01,97,0,48,85.0,25,47,81,53,0
2020-10-02,0,0,65,0.0,100,20,0,57,0
2020-10-03,0,0,72,0.0,96,21,0,100,0
2020-10-04,0,0,55,0.0,34,19,0,36,0
2020-10-05,46,0,55,0.0,88,63,0,50,0
2020-10-06,46,0,65,0.0,40,27,0,33,0
2020-10-07,92,0,49,0.0,40,45,0,33,80
2020-10-08,0,0,71,0.0,41,46,0,17,41
2020-10-09,0,0,82,96.0,57,32,0,79,0
2020-10-10,0,0,53,0.0,40,33,0,21,0
2020-10-11,0,0,55,0.0,45,100,0,0,45
2020-10-12,0,82,52,0.0,48,72,77,84,0
2020-10-13,49,0,40,0.0,69,38,0,54,43
2020-10-14,99,0,62,0.0,35,39,83,0,0
2020-10-15,100,0,53,0.0,61,78,0,18,0
2020-10-16,57,100,57,100.0,99,88,0,21,50
2020-10-17,54,0,57,0.0,38,31,90,39,0
2020-10-18,0,0,48,0.0,27,40,0,75,0
2020-10-19,0,0,82,0.0,76,19,0,53,0
2020-10-20,0,0,46,87.0,52,58,0,18,0
2020-10-21,51,89,63,0.0,88,69,84,37,44
2020-10-22,0,0,78,0.0,36,50,0,38,0
2020-10-23,57,0,60,0.0,50,44,0,83,100
2020-10-24,0,0,75,0.0,31,12,100,44,0
2020-10-25,0,0,53,100.0,40,22,0,41,0
2020-10-26,0,0,68,0.0,99,30,0,56,0
2020-10-27,48,85,48,85.0,59,75,0,70,0
2020-10-28,0,0,100,0.0,42,57,81,35,0
2020-10-29,50,0,62,0.0,61,58,0,0,0
2020-10-30,0,93,59,0.0,27,20,88,38,46
2020-10-31,0,0,94,0.0,49,76,0,41,0
2020-11-01,0,0,98,0.0,50,78,0,59,0
2020-11-02,0,0,59,42.0,30,62,0,18,0
2020-11-03,0,0,36,0.0,67,100,0,17,24
2020-11-04,0,0,43,0.0,38,26,0,0,0
2020-11-05,26,0,46,0.0,50,45,0,0,20
2020-11-06,31,98,76,0.0,22,23,0,17,0
2020-11-07,100,0,73,0.0,31,24,100,55,0
2020-11-08,0,0,80,0.0,94,16,0,91,0
2020-11-09,0,0,73,0.0,52,8,0,35,0
2020-11-10,0,0,78,0.0,53,47,0,0,0
2020-11-11,33,0,69,0.0,31,16,0,18,100
2020-11-12,0,0,39,0.0,56,41,0,19,0
2020-11-13,0,0,67,0.0,34,27,0,100,27
2020-11-14,0,0,100,0.0,75,19,0,22,0
2020-11-15,35,0,60,45.0,66,26,0,0,0
2020-11-16,32,100,92,0.0,45,31,0,35,0
2020-11-17,32,0,73,0.0,53,54,95,53,0
2020-11-18,32,0,84,0.0,60,47,0,35,0
2020-11-19,0,0,81,0.0,55,41,0,19,0
2020-11-20,0,0,60,0.0,26,45,0,41,0
2020-11-21,0,0,93,100.0,54,19,0,42,0
2020-11-22,0,0,88,0.0,33,51,0,77,0
2020-11-23,0,0,71,0.0,100,56,98,18,25
2020-11-24,0,0,73,0.0,45,31,0,35,0
2020-11-25,31,0,56,0.0,58,30,0,34,0
2020-11-26,31,0,58,0.0,67,46,0,52,0
2020-11-27,0,0,67,0.0,49,42,0,57,0
2020-11-28,0,0,89,0.0,26,0,0,81,0
2020-11-29,0,0,78,0.0,76,55,0,53,48
2020-11-30,0,95,56,0.0,79,22,0,17,23
2020-12-01,48,0,35,0.0,39,87,0,18,0
2020-12-02,0,0,50,0.0,48,100,0,100,0
2020-12-03,100,0,70,0.0,51,60,0,10,93
2020-12-04,54,0,59,0.0,44,48,0,20,100
2020-12-05,57,0,60,0.0,46,51,53,44,0
2020-12-06,0,0,45,0.0,42,47,0,10,0
2020-12-07,0,0,51,0.0,29,70,0,0,0
2020-12-08,0,0,63,0.0,48,86,44,18,89
2020-12-09,96,0,48,0.0,87,43,0,18,89
2020-12-10,0,0,47,0.0,89,29,0,9,0
2020-12-11,53,0,53,87.0,54,64,0,41,0
2020-12-12,0,0,62,0.0,46,34,0,22,0
2020-12-13,0,0,76,0.0,84,47,0,0,0
2020-12-14,0,0,59,0.0,61,15,0,28,0
2020-12-15,50,0,34,0.0,40,45,0,9,92
2020-12-16,49,0,56,0.0,30,29,0,37,0
2020-12-17,49,0,53,0.0,69,29,45,19,0
2020-12-18,0,0,71,0.0,22,0,100,21,0
2020-12-19,0,0,81,0.0,93,51,0,22,0
2020-12-20,0,0,61,0.0,62,92,0,59,0
2020-12-21,48,100,54,0.0,48,43,0,27,0
2020-12-22,0,0,89,0.0,79,15,45,28,0
2020-12-23,0,0,100,0.0,40,15,0,9,0
2020-12-24,0,0,77,0.0,36,53,0,45,0
2020-12-25,62,0,53,100.0,100,37,0,0,0
2020-12-26,0,0,43,0.0,86,63,0,20,98
2020-12-27,52,0,35,0.0,42,31,48,30,0
2020-12-28,0,0,44,0.0,76,80,0,41,99
2020-12-29,52,0,52,0.0,63,31,0,0,0
2020-12-30,53,0,24,0.0,53,16,0,10,0
2020-12-31,0,0,41,0.0,98,54,0,34,0
2021-01-01,38,99,91,58.0,78,50,0,27,100
2021-01-02,0,0,65,0.0,73,47,0,26,0
2021-01-03,0,90,59,0.0,81,57,0,0,91
2021-01-04,70,0,63,0.0,61,45,100,100,91
2021-01-05,100,86,79,0.0,68,33,0,72,87
2021-01-06,0,86,49,0.0,39,22,0,0,0
2021-01-07,64,0,65,0.0,37,21,46,0,83
2021-01-08,34,0,66,0.0,100,45,49,74,0
2021-01-09,0,0,74,0.0,22,100,0,55,100
2021-01-10,35,0,82,0.0,60,34,50,50,0
2021-01-11,0,0,58,0.0,75,42,0,93,0
2021-01-12,33,0,78,100.0,48,21,0,47,0
2021-01-13,0,0,41,0.0,58,22,0,48,0
2021-01-14,0,0,86,0.0,10,33,0,24,0
2021-01-15,0,0,69,0.0,62,35,0,77,0
2021-01-16,39,100,66,0.0,45,13,0,56,0
2021-01-17,0,0,90,0.0,29,75,95,71,0
2021-01-18,0,0,65,48.0,55,52,0,23,83
2021-01-19,0,0,63,0.0,63,30,0,0,81
2021-01-20,0,0,64,0.0,73,31,0,22,0
2021-01-21,65,0,66,0.0,85,32,0,23,0
2021-01-22,0,0,58,0.0,74,48,0,0,0
2021-01-23,39,0,70,0.0,34,51,0,84,0
2021-01-24,34,0,57,0.0,59,55,0,24,88
2021-01-25,0,0,36,49.0,19,31,0,46,0
2021-01-26,0,0,44,0.0,85,53,0,0,0
2021-01-27,64,0,43,0.0,83,0,0,0,0
2021-01-28,32,84,84,0.0,85,64,0,23,85
2021-01-29,36,0,69,0.0,52,35,0,52,0
2021-01-30,0,0,96,0.0,35,26,0,29,0
2021-01-31,74,0,100,0.0,96,84,0,26,0
2021-02-01,0,0,47,0.0,33,48,51,52,0
2021-02-02,50,0,45,0.0,70,58,0,100,100
2021-02-03,0,0,59,0.0,32,47,0,51,0
2021-02-04,0,0,53,0.0,56,60,100,52,0
2021-02-05,57,0,58,0.0,53,26,0,85,0
2021-02-06,59,0,87,0.0,64,14,0,88,0
2021-02-07,0,100,59,0.0,26,39,0,0,0
2021-02-08,0,0,100,0.0,80,71,0,52,34
2021-02-09,0,0,57,0.0,38,23,0,73,0
2021-02-10,49,0,75,0.0,53,22,0,0,0
2021-02-11,0,90,63,0.0,80,24,0,26,68
2021-02-12,0,0,69,0.0,44,39,0,85,38
2021-02-13,0,0,66,55.0,85,42,0,60,80
2021-02-14,0,0,69,0.0,30,11,0,24,32
2021-02-15,46,0,66,0.0,29,54,0,93,0
2021-02-16,0,0,84,0.0,45,100,0,0,0
2021-02-17,97,0,59,0.0,60,67,47,24,64
2021-02-18,0,91,77,0.0,48,60,50,77,0
2021-02-19,0,0,62,0.0,44,65,0,57,38
2021-02-20,0,0,81,0.0,19,28,0,60,0
2021-02-21,0,0,38,0.0,100,12,0,54,0
2021-02-22,0,0,60,0.0,45,0,0,97,32
2021-02-23,100,0,61,0.0,23,46,0,0,0
2021-02-24,0,0,66,0.0,45,67,0,24,0
2021-02-25,50,88,64,0.0,77,57,0,0,66
2021-02-26,55,0,75,100.0,69,25,0,0,74
2021-02-27,55,0,57,0.0,17,0,0,0,0
2021-02-28,0,0,79,0.0,48,47,0,26,34
2021-03-01,47,0,28,100.0,55,59,47,0,91
2021-03-02,47,46,42,0.0,34,48,0,24,92
2021-03-03,47,0,47,100.0,55,59,46,47,91
2021-03-04,0,0,42,0.0,31,22,0,44,0
2021-03-05,0,0,54,0.0,24,50,100,25,0
2021-03-06,0,0,100,58.0,38,54,0,27,53
2021-03-07,0,0,77,0.0,65,100,0,100,0
2021-03-08,0,0,62,0.0,47,75,0,50,48
2021-03-09,0,0,45,0.0,35,75,0,50,49
2021-03-10,0,0,54,0.0,56,60,47,24,46
2021-03-11,51,0,77,0.0,55,26,0,77,0
2021-03-12,57,0,57,0.0,47,28,0,28,55
2021-03-13,0,58,71,0.0,7,15,0,0,0
2021-03-14,51,0,55,0.0,54,51,51,26,50
2021-03-15,0,42,55,0.0,26,99,0,22,0
2021-03-16,85,0,66,46.0,25,64,0,86,42
2021-03-17,0,0,73,52.0,64,86,49,25,0
2021-03-18,0,0,86,0.0,48,39,0,51,100
2021-03-19,57,0,88,0.0,34,29,0,0,56
2021-03-20,61,59,73,0.0,72,46,0,0,60
2021-03-21,0,0,68,0.0,32,27,0,54,0
2021-03-22,50,0,89,0.0,100,25,0,25,97
2021-03-23,100,0,71,0.0,41,50,0,0,0
2021-03-24,0,0,63,0.0,36,50,0,76,0
2021-03-25,52,100,77,0.0,43,52,0,26,0
2021-03-26,56,0,74,0.0,33,42,0,56,0
2021-03-27,0,0,99,0.0,21,45,0,30,58
2021-03-28,52,50,68,55.0,49,52,0,78,0
2021-03-29,0,47,61,0.0,52,49,0,49,0
2021-03-30,48,0,63,0.0,51,84,0,24,0
2021-03-31,0,0,77,0.0,29,87,0,50,48
2021-04-01,0,0,45,0.0,40,14,0,0,0
2021-04-02,0,0,100,0.0,43,45,0,26,0
2021-04-03,0,0,85,0.0,80,63,0,28,0
2021-04-04,40,0,65,0.0,26,45,0,27,51
2021-04-05,74,0,47,0.0,48,70,0,49,95
2021-04-06,0,0,31,0.0,29,38,0,68,0
2021-04-07,0,0,35,0.0,29,52,0,46,88
2021-04-08,70,0,53,0.0,68,66,0,23,45
2021-04-09,36,0,50,0.0,23,54,0,96,0
2021-04-10,37,0,66,0.0,48,71,0,0,0
2021-04-11,36,0,37,0.0,8,69,0,98,94
2021-04-12,33,85,30,0.0,100,50,0,22,43
2021-04-13,0,0,52,0.0,50,76,0,0,43
2021-04-14,0,0,39,0.0,44,77,0,91,0
2021-04-15,35,0,36,0.0,91,27,0,70,0
2021-04-16,0,0,31,0.0,48,28,0,25,0
2021-04-17,0,0,41,0.0,95,15,0,0,0
2021-04-18,0,0,22,0.0,64,71,0,100,96
2021-04-19,0,0,52,0.0,59,52,0,46,44
2021-04-20,100,0,48,0.0,43,51,0,22,43
2021-04-21,0,0,41,0.0,59,52,0,23,44
2021-04-22,0,0,35,0.0,67,26,0,46,0
2021-04-23,0,0,51,0.0,24,0,0,25,48
2021-04-24,0,100,52,0.0,59,15,0,52,100
2021-04-25,0,0,50,0.0,41,100,0,0,0
2021-04-26,71,91,45,0.0,38,54,0,0,46
2021-04-27,0,86,45,95.0,87,77,0,45,43
2021-04-28,0,0,50,0.0,30,13,97,69,0
2021-04-29,35,0,38,100.0,46,54,100,24,45
2021-04-30,75,0,49,0.0,80,28,0,0,48
2021-05-01,50,0,71,0.0,87,99,0,60,0
2021-05-02,0,0,77,0.0,100,53,0,28,0
2021-05-03,43,0,52,0.0,76,61,0,26,0
2021-05-04,0,0,72,0.0,49,60,0,51,84
2021-05-05,42,0,45,0.0,73,59,0,75,0
2021-05-06,0,0,49,100.0,76,37,0,52,0
2021-05-07,0,56,76,0.0,54,40,55,56,0
2021-05-08,0,57,74,0.0,64,27,0,28,0
2021-05-09,0,0,91,0.0,77,100,0,80,88
2021-05-10,0,100,59,0.0,73,59,49,100,0
2021-05-11,0,100,68,0.0,72,82,0,25,0
2021-05-12,0,0,63,0.0,33,48,50,26,0
2021-05-13,0,0,40,0.0,59,50,52,0,44
2021-05-14,0,0,100,0.0,27,40,56,28,0
2021-05-15,50,0,97,0.0,29,14,0,61,100
2021-05-16,44,0,76,0.0,60,0,0,27,0
2021-05-17,0,0,59,0.0,64,47,0,0,41
2021-05-18,43,0,58,98.0,41,36,0,51,85
2021-05-19,0,0,30,0.0,66,36,0,77,0
2021-05-20,43,0,43,0.0,59,0,51,52,0
2021-05-21,0,57,73,0.0,27,53,0,0,47
2021-05-22,100,0,71,0.0,49,28,0,60,50
2021-05-23,88,53,88,0.0,51,62,0,0,0
2021-05-24,84,51,60,0.0,33,36,100,25,0
2021-05-25,0,0,59,0.0,51,61,0,52,0
2021-05-26,0,0,68,96.0,97,59,0,75,41
2021-05-27,43,0,65,0.0,59,49,0,52,0
2021-05-28,0,0,78,0.0,18,26,0,55,46
2021-05-29,0,57,84,0.0,64,40,56,57,93
2021-05-30,42,0,56,0.0,24,35,0,50,0
2021-05-31,81,0,44,0.0,48,58,0,74,0
2021-06-01,89,0,50,0.0,88,34,91,0,0
2021-06-02,89,0,50,0.0,40,57,0,15,0
2021-06-03,91,0,90,0.0,41,47,0,0,0
2021-06-04,0,0,54,0.0,69,62,0,0,0
2021-06-05,0,0,59,0.0,27,38,0,17,35
2021-06-06,0,0,77,0.0,50,36,0,16,100
2021-06-07,0,0,58,0.0,63,78,0,15,0
2021-06-08,0,0,52,0.0,78,100,0,15,0
2021-06-09,0,0,34,0.0,94,33,0,15,0
2021-06-10,90,0,45,0.0,32,12,0,31,0
2021-06-11,0,0,44,0.0,86,61,0,100,34
2021-06-12,0,0,74,0.0,100,52,0,0,0
2021-06-13,0,0,63,96.0,39,33,89,45,0
2021-06-14,87,0,66,0.0,70,55,0,45,0
2021-06-15,0,0,55,0.0,39,34,0,0,0
2021-06-16,0,0,41,0.0,47,56,0,0,0
2021-06-17,91,0,75,0.0,81,58,0,47,97
2021-06-18,97,0,67,0.0,35,12,0,17,34
2021-06-19,0,100,100,0.0,53,62,0,17,35
2021-06-20,0,0,58,0.0,67,95,0,16,0
2021-06-21,0,88,51,0.0,54,77,0,15,0
2021-06-22,0,0,44,0.0,56,34,0,31,32
2021-06-23,0,0,58,0.0,48,56,0,15,0
2021-06-24,0,0,64,0.0,33,47,94,48,0
2021-06-25,98,100,97,0.0,18,75,100,0,70
2021-06-26,100,0,99,0.0,63,26,0,17,36
2021-06-27,0,0,74,100.0,24,35,0,16,0
2021-06-28,85,0,36,0.0,46,11,0,44,30
2021-06-29,0,90,82,0.0,63,56,90,0,0
2021-06-30,0,0,61,0.0,25,47,95,16,66
2021-07-01,51,100,54,0.0,68,58,0,20,0
2021-07-02,56,0,65,0.0,25,63,100,0,0
2021-07-03,59,0,73,0.0,53,17,0,70,100
2021-07-04,0,0,94,47.0,36,77,97,64,0
2021-07-05,49,0,91,0.0,54,56,0,39,41
2021-07-06,48,0,50,0.0,42,54,0,19,0
2021-07-07,0,0,71,42.0,43,41,0,0,41
2021-07-08,0,0,43,0.0,78,100,90,20,0
2021-07-09,0,0,67,0.0,73,47,0,22,0
2021-07-10,0,0,82,0.0,26,33,0,45,0
2021-07-11,0,33,69,0.0,67,14,0,100,0
2021-07-12,49,0,67,0.0,76,14,88,39,41
2021-07-13,100,0,52,0.0,55,99,0,0,42
2021-07-14,48,0,60,0.0,21,41,0,19,0
2021-07-15,0,0,85,0.0,65,56,0,39,0
2021-07-16,0,0,91,0.0,56,58,0,40,0
2021-07-17,52,0,100,0.0,81,45,0,21,0
2021-07-18,0,33,80,0.0,55,28,0,20,0
2021-07-19,0,32,57,0.0,54,41,0,38,41
2021-07-20,0,0,90,0.0,100,57,0,0,0
2021-07-21,49,0,73,0.0,44,70,0,39,0
2021-07-22,50,0,67,43.0,66,98,0,98,0
2021-07-23,0,0,56,47.0,47,30,0,63,0
2021-07-24,0,0,92,100.0,89,98,0,45,0
2021-07-25,0,0,76,0.0,23,44,0,20,0
2021-07-26,47,62,41,0.0,83,67,85,19,0
2021-07-27,0,0,60,0.0,43,28,0,19,0
2021-07-28,0,0,51,0.0,76,42,0,39,41
2021-07-29,50,0,71,0.0,78,43,0,20,0
2021-07-30,54,0,53,0.0,47,76,0,21,0
2021-07-31,56,0,83,0.0,0,32,0,0,0
2021-08-01,0,0,52,0.0,66,55,53,69,61
2021-08-02,48,0,43,0.0,40,50,0,0,0
2021-08-03,0,0,29,0.0,31,41,0,32,0
2021-08-04,50,0,34,0.0,63,73,0,33,0
2021-08-05,0,96,26,0.0,72,20,0,32,0
2021-08-06,0,0,30,0.0,100,55,0,35,0
2021-08-07,0,0,51,0.0,34,34,0,36,32
2021-08-08,0,0,40,0.0,85,32,0,0,0
2021-08-09,0,0,40,0.0,41,20,50,64,0
2021-08-10,51,100,47,0.0,86,75,0,100,0
2021-08-11,51,0,36,0.0,42,21,0,33,0
2021-08-12,51,0,40,0.0,43,43,0,0,0
2021-08-13,0,0,44,0.0,68,57,55,0,0
2021-08-14,57,0,59,100.0,48,12,0,75,100
2021-08-15,55,0,41,97.0,69,35,0,36,0
2021-08-16,100,0,35,0.0,63,73,0,0,0
2021-08-17,0,0,39,0.0,18,18,45,57,0
2021-08-18,0,0,59,0.0,29,19,0,60,0
2021-08-19,0,0,78,0.0,19,10,0,0,27
2021-08-20,0,0,80,0.0,56,9,0,59,79
2021-08-21,0,0,100,0.0,72,31,0,64,0
2021-08-22,0,0,67,0.0,20,20,0,63,0
2021-08-23,0,0,59,0.0,41,31,0,32,0
2021-08-24,0,0,49,0.0,41,82,100,64,0
2021-08-25,0,89,52,0.0,76,9,0,30,0
2021-08-26,0,0,75,0.0,96,57,0,30,0
2021-08-27,45,0,55,79.0,0,28,46,88,0
2021-08-28,49,0,82,85.0,61,0,0,64,28
2021-08-29,0,94,68,0.0,20,100,0,94,0
2021-08-30,0,0,55,77.0,83,64,0,57,26
2021-08-31,46,0,56,0.0,68,29,0,30,0
